match_id,season,team1,team2,toss_winner,toss_decision,venue,winner
1,IPL-2017,Sunrisers Hyderabad,Royal Challengers Bangalore,Royal Challengers Bangalore,field,"Rajiv Gandhi International Stadium, Uppal",Sunrisers Hyderabad
2,IPL-2017,Mumbai Indians,Rising Pune Supergiant,Rising Pune Supergiant,field,Maharashtra Cricket Association Stadium,Rising Pune Supergiant
3,IPL-2017,Gujarat Lions,Kolkata Knight Riders,Kolkata Knight Riders,field,Saurashtra Cricket Association Stadium,Kolkata Knight Riders
4,IPL-2017,Rising Pune Supergiant,Kings XI Punjab,Kings XI Punjab,field,Holkar Cricket Stadium,Kings XI Punjab
5,IPL-2017,Royal Challengers Bangalore,Delhi Daredevils,Royal Challengers Bangalore,bat,M Chinnaswamy Stadium,Royal Challengers Bangalore
6,IPL-2017,Gujarat Lions,Sunrisers Hyderabad,Sunrisers Hyderabad,field,"Rajiv Gandhi International Stadium, Uppal",Sunrisers Hyderabad
7,IPL-2017,Kolkata Knight Riders,Mumbai Indians,Mumbai Indians,field,Wankhede Stadium,Mumbai Indians
8,IPL-2017,Royal Challengers Bangalore,Kings XI Punjab,Royal Challengers Bangalore,bat,Holkar Cricket Stadium,Kings XI Punjab
9,IPL-2017,Delhi Daredevils,Rising Pune Supergiant,Rising Pune Supergiant,field,Maharashtra Cricket Association Stadium,Delhi Daredevils
10,IPL-2017,Sunrisers Hyderabad,Mumbai Indians,Mumbai Indians,field,Wankhede Stadium,Mumbai Indians
11,IPL-2017,Kings XI Punjab,Kolkata Knight Riders,Kolkata Knight Riders,field,Eden Gardens,Kolkata Knight Riders
12,IPL-2017,Royal Challengers Bangalore,Mumbai Indians,Mumbai Indians,field,M Chinnaswamy Stadium,Mumbai Indians
13,IPL-2017,Rising Pune Supergiant,Gujarat Lions,Gujarat Lions,field,Saurashtra Cricket Association Stadium,Gujarat Lions
14,IPL-2017,Kolkata Knight Riders,Sunrisers Hyderabad,Sunrisers Hyderabad,field,Eden Gardens,Kolkata Knight Riders
15,IPL-2017,Delhi Daredevils,Kings XI Punjab,Delhi Daredevils,bat,Feroz Shah Kotla,Delhi Daredevils
16,IPL-2017,Gujarat Lions,Mumbai Indians,Mumbai Indians,field,Wankhede Stadium,Mumbai Indians
17,IPL-2017,Rising Pune Supergiant,Royal Challengers Bangalore,Royal Challengers Bangalore,field,M Chinnaswamy Stadium,Rising Pune Supergiant
18,IPL-2017,Delhi Daredevils,Kolkata Knight Riders,Delhi Daredevils,bat,Feroz Shah Kotla,Kolkata Knight Riders
19,IPL-2017,Sunrisers Hyderabad,Kings XI Punjab,Kings XI Punjab,field,"Rajiv Gandhi International Stadium, Uppal",Sunrisers Hyderabad
20,IPL-2017,Royal Challengers Bangalore,Gujarat Lions,Gujarat Lions,field,Saurashtra Cricket Association Stadium,Royal Challengers Bangalore
21,IPL-2017,Sunrisers Hyderabad,Delhi Daredevils,Sunrisers Hyderabad,bat,"Rajiv Gandhi International Stadium, Uppal",Sunrisers Hyderabad
22,IPL-2017,Kings XI Punjab,Mumbai Indians,Mumbai Indians,field,Holkar Cricket Stadium,Mumbai Indians
23,IPL-2017,Kolkata Knight Riders,Gujarat Lions,Gujarat Lions,field,Eden Gardens,Gujarat Lions
24,IPL-2017,Mumbai Indians,Delhi Daredevils,Delhi Daredevils,field,Wankhede Stadium,Mumbai Indians
25,IPL-2017,Sunrisers Hyderabad,Rising Pune Supergiant,Rising Pune Supergiant,field,Maharashtra Cricket Association Stadium,Rising Pune Supergiant
26,IPL-2017,Kings XI Punjab,Gujarat Lions,Gujarat Lions,field,Saurashtra Cricket Association Stadium,Kings XI Punjab
27,IPL-2017,Kolkata Knight Riders,Royal Challengers Bangalore,Royal Challengers Bangalore,field,Eden Gardens,Kolkata Knight Riders
28,IPL-2017,Rising Pune Supergiant,Mumbai Indians,Mumbai Indians,field,Wankhede Stadium,Rising Pune Supergiant
29,IPL-2017,Rising Pune Supergiant,Kolkata Knight Riders,Kolkata Knight Riders,field,Maharashtra Cricket Association Stadium,Kolkata Knight Riders
30,IPL-2017,Royal Challengers Bangalore,Gujarat Lions,Gujarat Lions,field,M Chinnaswamy Stadium,Gujarat Lions
31,IPL-2017,Delhi Daredevils,Kolkata Knight Riders,Kolkata Knight Riders,field,Eden Gardens,Kolkata Knight Riders
32,IPL-2017,Sunrisers Hyderabad,Kings XI Punjab,Kings XI Punjab,field,"Punjab Cricket Association IS Bindra Stadium, Mohali",Sunrisers Hyderabad
33,IPL-2017,Rising Pune Supergiant,Royal Challengers Bangalore,Royal Challengers Bangalore,field,Maharashtra Cricket Association Stadium,Rising Pune Supergiant
34,IPL-2017,Gujarat Lions,Mumbai Indians,Gujarat Lions,bat,Saurashtra Cricket Association Stadium,Mumbai Indians
35,IPL-2017,Delhi Daredevils,Kings XI Punjab,Kings XI Punjab,field,"Punjab Cricket Association IS Bindra Stadium, Mohali",Kings XI Punjab
36,IPL-2017,Sunrisers Hyderabad,Kolkata Knight Riders,Kolkata Knight Riders,field,"Rajiv Gandhi International Stadium, Uppal",Sunrisers Hyderabad
37,IPL-2017,Royal Challengers Bangalore,Mumbai Indians,Royal Challengers Bangalore,bat,Wankhede Stadium,Mumbai Indians
38,IPL-2017,Gujarat Lions,Rising Pune Supergiant,Rising Pune Supergiant,field,Maharashtra Cricket Association Stadium,Rising Pune Supergiant
39,IPL-2017,Sunrisers Hyderabad,Delhi Daredevils,Delhi Daredevils,field,Feroz Shah Kotla,Delhi Daredevils
40,IPL-2017,Kolkata Knight Riders,Rising Pune Supergiant,Rising Pune Supergiant,field,Eden Gardens,Rising Pune Supergiant
41,IPL-2017,Gujarat Lions,Delhi Daredevils,Delhi Daredevils,field,Feroz Shah Kotla,Delhi Daredevils
42,IPL-2017,Kings XI Punjab,Royal Challengers Bangalore,Royal Challengers Bangalore,field,M Chinnaswamy Stadium,Kings XI Punjab
43,IPL-2017,Rising Pune Supergiant,Sunrisers Hyderabad,Sunrisers Hyderabad,field,"Rajiv Gandhi International Stadium, Uppal",Rising Pune Supergiant
44,IPL-2017,Mumbai Indians,Delhi Daredevils,Delhi Daredevils,field,Feroz Shah Kotla,Mumbai Indians
45,IPL-2017,Royal Challengers Bangalore,Kolkata Knight Riders,Kolkata Knight Riders,field,M Chinnaswamy Stadium,Kolkata Knight Riders
46,IPL-2017,Kings XI Punjab,Gujarat Lions,Gujarat Lions,field,"Punjab Cricket Association IS Bindra Stadium, Mohali",Gujarat Lions
47,IPL-2017,Mumbai Indians,Sunrisers Hyderabad,Mumbai Indians,bat,"Rajiv Gandhi International Stadium, Uppal",Sunrisers Hyderabad
48,IPL-2017,Kings XI Punjab,Kolkata Knight Riders,Kolkata Knight Riders,field,"Punjab Cricket Association IS Bindra Stadium, Mohali",Kings XI Punjab
49,IPL-2017,Gujarat Lions,Delhi Daredevils,Delhi Daredevils,field,Green Park,Delhi Daredevils
50,IPL-2017,Kings XI Punjab,Mumbai Indians,Mumbai Indians,field,Wankhede Stadium,Kings XI Punjab
51,IPL-2017,Delhi Daredevils,Rising Pune Supergiant,Delhi Daredevils,bat,Feroz Shah Kotla,Delhi Daredevils
52,IPL-2017,Gujarat Lions,Sunrisers Hyderabad,Sunrisers Hyderabad,field,Green Park,Sunrisers Hyderabad
53,IPL-2017,Mumbai Indians,Kolkata Knight Riders,Kolkata Knight Riders,field,Eden Gardens,Mumbai Indians
54,IPL-2017,Kings XI Punjab,Rising Pune Supergiant,Rising Pune Supergiant,field,Maharashtra Cricket Association Stadium,Rising Pune Supergiant
55,IPL-2017,Royal Challengers Bangalore,Delhi Daredevils,Royal Challengers Bangalore,bat,Feroz Shah Kotla,Royal Challengers Bangalore
56,IPL-2017,Rising Pune Supergiant,Mumbai Indians,Mumbai Indians,field,Wankhede Stadium,Rising Pune Supergiant
57,IPL-2017,Sunrisers Hyderabad,Kolkata Knight Riders,Kolkata Knight Riders,field,M Chinnaswamy Stadium,Kolkata Knight Riders
58,IPL-2017,Kolkata Knight Riders,Mumbai Indians,Mumbai Indians,field,M Chinnaswamy Stadium,Mumbai Indians
59,IPL-2017,Mumbai Indians,Rising Pune Supergiant,Mumbai Indians,bat,"Rajiv Gandhi International Stadium, Uppal",Mumbai Indians
60,IPL-2008,Kolkata Knight Riders,Royal Challengers Bangalore,Royal Challengers Bangalore,field,M Chinnaswamy Stadium,Kolkata Knight Riders
61,IPL-2008,Chennai Super Kings,Kings XI Punjab,Chennai Super Kings,bat,"Punjab Cricket Association Stadium, Mohali",Chennai Super Kings
62,IPL-2008,Rajasthan Royals,Delhi Daredevils,Rajasthan Royals,bat,Feroz Shah Kotla,Delhi Daredevils
63,IPL-2008,Mumbai Indians,Royal Challengers Bangalore,Mumbai Indians,bat,Wankhede Stadium,Royal Challengers Bangalore
64,IPL-2008,Deccan Chargers,Kolkata Knight Riders,Deccan Chargers,bat,Eden Gardens,Kolkata Knight Riders
65,IPL-2008,Kings XI Punjab,Rajasthan Royals,Kings XI Punjab,bat,Sawai Mansingh Stadium,Rajasthan Royals
66,IPL-2008,Deccan Chargers,Delhi Daredevils,Deccan Chargers,bat,"Rajiv Gandhi International Stadium, Uppal",Delhi Daredevils
67,IPL-2008,Chennai Super Kings,Mumbai Indians,Mumbai Indians,field,"MA Chidambaram Stadium, Chepauk",Chennai Super Kings
68,IPL-2008,Deccan Chargers,Rajasthan Royals,Rajasthan Royals,field,"Rajiv Gandhi International Stadium, Uppal",Rajasthan Royals
69,IPL-2008,Kings XI Punjab,Mumbai Indians,Mumbai Indians,field,"Punjab Cricket Association Stadium, Mohali",Kings XI Punjab
70,IPL-2008,Royal Challengers Bangalore,Rajasthan Royals,Rajasthan Royals,field,M Chinnaswamy Stadium,Rajasthan Royals
71,IPL-2008,Kolkata Knight Riders,Chennai Super Kings,Kolkata Knight Riders,bat,"MA Chidambaram Stadium, Chepauk",Chennai Super Kings
72,IPL-2008,Mumbai Indians,Deccan Chargers,Deccan Chargers,field,Dr DY Patil Sports Academy,Deccan Chargers
73,IPL-2008,Delhi Daredevils,Kings XI Punjab,Delhi Daredevils,bat,"Punjab Cricket Association Stadium, Mohali",Kings XI Punjab
74,IPL-2008,Chennai Super Kings,Royal Challengers Bangalore,Chennai Super Kings,bat,M Chinnaswamy Stadium,Chennai Super Kings
75,IPL-2008,Kolkata Knight Riders,Mumbai Indians,Kolkata Knight Riders,bat,Eden Gardens,Mumbai Indians
76,IPL-2008,Delhi Daredevils,Royal Challengers Bangalore,Royal Challengers Bangalore,field,Feroz Shah Kotla,Delhi Daredevils
77,IPL-2008,Deccan Chargers,Kings XI Punjab,Kings XI Punjab,field,"Rajiv Gandhi International Stadium, Uppal",Kings XI Punjab
78,IPL-2008,Rajasthan Royals,Kolkata Knight Riders,Rajasthan Royals,bat,Sawai Mansingh Stadium,Rajasthan Royals
79,IPL-2008,Chennai Super Kings,Delhi Daredevils,Chennai Super Kings,bat,"MA Chidambaram Stadium, Chepauk",Delhi Daredevils
80,IPL-2008,Deccan Chargers,Royal Challengers Bangalore,Deccan Chargers,bat,"Rajiv Gandhi International Stadium, Uppal",Royal Challengers Bangalore
81,IPL-2008,Kings XI Punjab,Kolkata Knight Riders,Kings XI Punjab,bat,"Punjab Cricket Association Stadium, Mohali",Kings XI Punjab
82,IPL-2008,Mumbai Indians,Delhi Daredevils,Delhi Daredevils,field,Dr DY Patil Sports Academy,Mumbai Indians
83,IPL-2008,Chennai Super Kings,Rajasthan Royals,Chennai Super Kings,bat,Sawai Mansingh Stadium,Rajasthan Royals
84,IPL-2008,Royal Challengers Bangalore,Kings XI Punjab,Kings XI Punjab,field,M Chinnaswamy Stadium,Kings XI Punjab
85,IPL-2008,Chennai Super Kings,Deccan Chargers,Deccan Chargers,field,"MA Chidambaram Stadium, Chepauk",Deccan Chargers
86,IPL-2008,Rajasthan Royals,Mumbai Indians,Mumbai Indians,field,Dr DY Patil Sports Academy,Mumbai Indians
87,IPL-2008,Delhi Daredevils,Chennai Super Kings,Chennai Super Kings,field,Feroz Shah Kotla,Chennai Super Kings
88,IPL-2008,Kolkata Knight Riders,Royal Challengers Bangalore,Kolkata Knight Riders,bat,Eden Gardens,Kolkata Knight Riders
89,IPL-2008,Deccan Chargers,Rajasthan Royals,Rajasthan Royals,field,Sawai Mansingh Stadium,Rajasthan Royals
90,IPL-2008,Royal Challengers Bangalore,Mumbai Indians,Mumbai Indians,field,M Chinnaswamy Stadium,Mumbai Indians
91,IPL-2008,Chennai Super Kings,Kings XI Punjab,Kings XI Punjab,field,"MA Chidambaram Stadium, Chepauk",Chennai Super Kings
92,IPL-2008,Kolkata Knight Riders,Deccan Chargers,Kolkata Knight Riders,bat,"Rajiv Gandhi International Stadium, Uppal",Kolkata Knight Riders
93,IPL-2008,Delhi Daredevils,Rajasthan Royals,Rajasthan Royals,field,Sawai Mansingh Stadium,Rajasthan Royals
94,IPL-2008,Royal Challengers Bangalore,Kings XI Punjab,Royal Challengers Bangalore,bat,"Punjab Cricket Association Stadium, Mohali",Kings XI Punjab
95,IPL-2008,Kolkata Knight Riders,Delhi Daredevils,Kolkata Knight Riders,bat,Eden Gardens,Kolkata Knight Riders
96,IPL-2008,Chennai Super Kings,Mumbai Indians,Mumbai Indians,field,Wankhede Stadium,Mumbai Indians
97,IPL-2008,Kings XI Punjab,Rajasthan Royals,Rajasthan Royals,field,"Punjab Cricket Association Stadium, Mohali",Kings XI Punjab
98,IPL-2008,Delhi Daredevils,Deccan Chargers,Deccan Chargers,field,Feroz Shah Kotla,Delhi Daredevils
99,IPL-2008,Kolkata Knight Riders,Mumbai Indians,Mumbai Indians,field,Wankhede Stadium,Mumbai Indians
100,IPL-2008,Delhi Daredevils,Kings XI Punjab,Delhi Daredevils,bat,Feroz Shah Kotla,Kings XI Punjab
101,IPL-2008,Rajasthan Royals,Royal Challengers Bangalore,Royal Challengers Bangalore,field,Sawai Mansingh Stadium,Rajasthan Royals
102,IPL-2008,Mumbai Indians,Deccan Chargers,Deccan Chargers,field,"Rajiv Gandhi International Stadium, Uppal",Mumbai Indians
103,IPL-2008,Kolkata Knight Riders,Chennai Super Kings,Kolkata Knight Riders,bat,Eden Gardens,Chennai Super Kings
104,IPL-2008,Royal Challengers Bangalore,Delhi Daredevils,Delhi Daredevils,field,M Chinnaswamy Stadium,Delhi Daredevils
105,IPL-2008,Kolkata Knight Riders,Rajasthan Royals,Rajasthan Royals,field,Eden Gardens,Rajasthan Royals
106,IPL-2008,Kings XI Punjab,Mumbai Indians,Mumbai Indians,field,Wankhede Stadium,Kings XI Punjab
107,IPL-2008,Royal Challengers Bangalore,Chennai Super Kings,Royal Challengers Bangalore,bat,"MA Chidambaram Stadium, Chepauk",Royal Challengers Bangalore
108,IPL-2008,Deccan Chargers,Kings XI Punjab,Kings XI Punjab,field,"Punjab Cricket Association Stadium, Mohali",Kings XI Punjab
109,IPL-2008,Mumbai Indians,Delhi Daredevils,Delhi Daredevils,field,Feroz Shah Kotla,Delhi Daredevils
110,IPL-2008,Rajasthan Royals,Chennai Super Kings,Rajasthan Royals,bat,"MA Chidambaram Stadium, Chepauk",Rajasthan Royals
111,IPL-2008,Royal Challengers Bangalore,Deccan Chargers,Deccan Chargers,field,M Chinnaswamy Stadium,Royal Challengers Bangalore
112,IPL-2008,Kings XI Punjab,Kolkata Knight Riders,Kings XI Punjab,bat,Eden Gardens,Kolkata Knight Riders
113,IPL-2008,Mumbai Indians,Rajasthan Royals,Rajasthan Royals,field,Sawai Mansingh Stadium,Rajasthan Royals
114,IPL-2008,Deccan Chargers,Chennai Super Kings,Deccan Chargers,bat,"Rajiv Gandhi International Stadium, Uppal",Chennai Super Kings
115,IPL-2008,Rajasthan Royals,Delhi Daredevils,Delhi Daredevils,field,Wankhede Stadium,Rajasthan Royals
116,IPL-2008,Kings XI Punjab,Chennai Super Kings,Kings XI Punjab,bat,Wankhede Stadium,Chennai Super Kings
117,IPL-2008,Chennai Super Kings,Rajasthan Royals,Rajasthan Royals,field,Dr DY Patil Sports Academy,Rajasthan Royals
118,IPL-2009,Mumbai Indians,Chennai Super Kings,Chennai Super Kings,field,Newlands,Mumbai Indians
119,IPL-2009,Royal Challengers Bangalore,Rajasthan Royals,Royal Challengers Bangalore,bat,Newlands,Royal Challengers Bangalore
120,IPL-2009,Kings XI Punjab,Delhi Daredevils,Delhi Daredevils,field,Newlands,Delhi Daredevils
121,IPL-2009,Kolkata Knight Riders,Deccan Chargers,Kolkata Knight Riders,bat,Newlands,Deccan Chargers
122,IPL-2009,Chennai Super Kings,Royal Challengers Bangalore,Chennai Super Kings,bat,St George's Park,Chennai Super Kings
123,IPL-2009,Kings XI Punjab,Kolkata Knight Riders,Kolkata Knight Riders,field,Kingsmead,Kolkata Knight Riders
124,IPL-2009,Deccan Chargers,Royal Challengers Bangalore,Deccan Chargers,bat,Newlands,Deccan Chargers
125,IPL-2009,Delhi Daredevils,Chennai Super Kings,Delhi Daredevils,bat,Kingsmead,Delhi Daredevils
126,IPL-2009,Rajasthan Royals,Kolkata Knight Riders,Kolkata Knight Riders,field,Newlands,Rajasthan Royals
127,IPL-2009,Royal Challengers Bangalore,Kings XI Punjab,Royal Challengers Bangalore,bat,Kingsmead,Kings XI Punjab
128,IPL-2009,Deccan Chargers,Mumbai Indians,Deccan Chargers,bat,Kingsmead,Deccan Chargers
129,IPL-2009,Royal Challengers Bangalore,Delhi Daredevils,Royal Challengers Bangalore,bat,St George's Park,Delhi Daredevils
130,IPL-2009,Kings XI Punjab,Rajasthan Royals,Kings XI Punjab,bat,Newlands,Kings XI Punjab
131,IPL-2009,Chennai Super Kings,Deccan Chargers,Deccan Chargers,field,Kingsmead,Deccan Chargers
132,IPL-2009,Mumbai Indians,Kolkata Knight Riders,Mumbai Indians,bat,St George's Park,Mumbai Indians
133,IPL-2009,Delhi Daredevils,Rajasthan Royals,Delhi Daredevils,bat,SuperSport Park,Rajasthan Royals
134,IPL-2009,Kolkata Knight Riders,Royal Challengers Bangalore,Kolkata Knight Riders,bat,Kingsmead,Royal Challengers Bangalore
135,IPL-2009,Kings XI Punjab,Mumbai Indians,Kings XI Punjab,bat,Kingsmead,Kings XI Punjab
136,IPL-2009,Deccan Chargers,Delhi Daredevils,Delhi Daredevils,field,SuperSport Park,Delhi Daredevils
137,IPL-2009,Chennai Super Kings,Rajasthan Royals,Rajasthan Royals,field,SuperSport Park,Chennai Super Kings
138,IPL-2009,Mumbai Indians,Kolkata Knight Riders,Mumbai Indians,bat,Buffalo Park,Mumbai Indians
139,IPL-2009,Royal Challengers Bangalore,Kings XI Punjab,Royal Challengers Bangalore,bat,Kingsmead,Royal Challengers Bangalore
140,IPL-2009,Deccan Chargers,Rajasthan Royals,Deccan Chargers,bat,St George's Park,Rajasthan Royals
141,IPL-2009,Chennai Super Kings,Delhi Daredevils,Delhi Daredevils,field,New Wanderers Stadium,Chennai Super Kings
142,IPL-2009,Kolkata Knight Riders,Kings XI Punjab,Kolkata Knight Riders,bat,St George's Park,Kings XI Punjab
143,IPL-2009,Mumbai Indians,Royal Challengers Bangalore,Mumbai Indians,bat,New Wanderers Stadium,Royal Challengers Bangalore
144,IPL-2009,Chennai Super Kings,Deccan Chargers,Chennai Super Kings,bat,Buffalo Park,Chennai Super Kings
145,IPL-2009,Rajasthan Royals,Kings XI Punjab,Kings XI Punjab,field,Kingsmead,Rajasthan Royals
146,IPL-2009,Kolkata Knight Riders,Delhi Daredevils,Kolkata Knight Riders,bat,Kingsmead,Delhi Daredevils
147,IPL-2009,Deccan Chargers,Mumbai Indians,Deccan Chargers,bat,SuperSport Park,Deccan Chargers
148,IPL-2009,Royal Challengers Bangalore,Rajasthan Royals,Rajasthan Royals,field,SuperSport Park,Rajasthan Royals
149,IPL-2009,Chennai Super Kings,Kings XI Punjab,Chennai Super Kings,bat,SuperSport Park,Chennai Super Kings
150,IPL-2009,Mumbai Indians,Delhi Daredevils,Mumbai Indians,bat,Buffalo Park,Delhi Daredevils
151,IPL-2009,Deccan Chargers,Kings XI Punjab,Kings XI Punjab,field,De Beers Diamond Oval,Kings XI Punjab
152,IPL-2009,Rajasthan Royals,Chennai Super Kings,Rajasthan Royals,bat,De Beers Diamond Oval,Chennai Super Kings
153,IPL-2009,Mumbai Indians,Royal Challengers Bangalore,Mumbai Indians,bat,St George's Park,Mumbai Indians
154,IPL-2009,Kolkata Knight Riders,Delhi Daredevils,Delhi Daredevils,field,New Wanderers Stadium,Delhi Daredevils
155,IPL-2009,Deccan Chargers,Rajasthan Royals,Deccan Chargers,bat,De Beers Diamond Oval,Deccan Chargers
156,IPL-2009,Kolkata Knight Riders,Royal Challengers Bangalore,Royal Challengers Bangalore,field,SuperSport Park,Royal Challengers Bangalore
157,IPL-2009,Kings XI Punjab,Mumbai Indians,Kings XI Punjab,bat,SuperSport Park,Mumbai Indians
158,IPL-2009,Delhi Daredevils,Deccan Chargers,Deccan Chargers,field,Kingsmead,Delhi Daredevils
159,IPL-2009,Chennai Super Kings,Royal Challengers Bangalore,Chennai Super Kings,bat,Kingsmead,Royal Challengers Bangalore
160,IPL-2009,Rajasthan Royals,Mumbai Indians,Rajasthan Royals,bat,Kingsmead,Rajasthan Royals
161,IPL-2009,Delhi Daredevils,Kings XI Punjab,Kings XI Punjab,field,OUTsurance Oval,Kings XI Punjab
162,IPL-2009,Mumbai Indians,Chennai Super Kings,Mumbai Indians,bat,St George's Park,Chennai Super Kings
163,IPL-2009,Kolkata Knight Riders,Deccan Chargers,Deccan Chargers,field,New Wanderers Stadium,Deccan Chargers
164,IPL-2009,Kings XI Punjab,Deccan Chargers,Deccan Chargers,field,New Wanderers Stadium,Kings XI Punjab
165,IPL-2009,Delhi Daredevils,Rajasthan Royals,Delhi Daredevils,bat,OUTsurance Oval,Delhi Daredevils
166,IPL-2009,Chennai Super Kings,Kolkata Knight Riders,Chennai Super Kings,bat,SuperSport Park,Kolkata Knight Riders
167,IPL-2009,Delhi Daredevils,Royal Challengers Bangalore,Delhi Daredevils,bat,New Wanderers Stadium,Royal Challengers Bangalore
168,IPL-2009,Rajasthan Royals,Kolkata Knight Riders,Kolkata Knight Riders,field,Kingsmead,Kolkata Knight Riders
169,IPL-2009,Chennai Super Kings,Kings XI Punjab,Chennai Super Kings,bat,Kingsmead,Chennai Super Kings
170,IPL-2009,Mumbai Indians,Delhi Daredevils,Delhi Daredevils,field,SuperSport Park,Delhi Daredevils
171,IPL-2009,Royal Challengers Bangalore,Deccan Chargers,Royal Challengers Bangalore,bat,SuperSport Park,Royal Challengers Bangalore
172,IPL-2009,Delhi Daredevils,Deccan Chargers,Deccan Chargers,field,SuperSport Park,Deccan Chargers
173,IPL-2009,Chennai Super Kings,Royal Challengers Bangalore,Royal Challengers Bangalore,field,New Wanderers Stadium,Royal Challengers Bangalore
174,IPL-2009,Deccan Chargers,Royal Challengers Bangalore,Royal Challengers Bangalore,field,New Wanderers Stadium,Deccan Chargers
175,IPL-2010,Kolkata Knight Riders,Deccan Chargers,Deccan Chargers,field,Dr DY Patil Sports Academy,Kolkata Knight Riders
176,IPL-2010,Mumbai Indians,Rajasthan Royals,Mumbai Indians,bat,Brabourne Stadium,Mumbai Indians
177,IPL-2010,Kings XI Punjab,Delhi Daredevils,Delhi Daredevils,field,"Punjab Cricket Association Stadium, Mohali",Delhi Daredevils
178,IPL-2010,Royal Challengers Bangalore,Kolkata Knight Riders,Kolkata Knight Riders,field,Eden Gardens,Kolkata Knight Riders
179,IPL-2010,Deccan Chargers,Chennai Super Kings,Deccan Chargers,bat,"MA Chidambaram Stadium, Chepauk",Deccan Chargers
180,IPL-2010,Rajasthan Royals,Delhi Daredevils,Delhi Daredevils,field,"Sardar Patel Stadium, Motera",Delhi Daredevils
181,IPL-2010,Kings XI Punjab,Royal Challengers Bangalore,Kings XI Punjab,bat,M Chinnaswamy Stadium,Royal Challengers Bangalore
182,IPL-2010,Chennai Super Kings,Kolkata Knight Riders,Chennai Super Kings,bat,Eden Gardens,Chennai Super Kings
183,IPL-2010,Mumbai Indians,Delhi Daredevils,Delhi Daredevils,field,Feroz Shah Kotla,Mumbai Indians
184,IPL-2010,Rajasthan Royals,Royal Challengers Bangalore,Royal Challengers Bangalore,field,M Chinnaswamy Stadium,Royal Challengers Bangalore
185,IPL-2010,Delhi Daredevils,Chennai Super Kings,Delhi Daredevils,bat,Feroz Shah Kotla,Chennai Super Kings
186,IPL-2010,Deccan Chargers,Kings XI Punjab,Kings XI Punjab,field,Barabati Stadium,Deccan Chargers
187,IPL-2010,Rajasthan Royals,Kolkata Knight Riders,Rajasthan Royals,bat,"Sardar Patel Stadium, Motera",Rajasthan Royals
188,IPL-2010,Mumbai Indians,Royal Challengers Bangalore,Mumbai Indians,bat,Brabourne Stadium,Royal Challengers Bangalore
189,IPL-2010,Deccan Chargers,Delhi Daredevils,Deccan Chargers,bat,Barabati Stadium,Deccan Chargers
190,IPL-2010,Kings XI Punjab,Chennai Super Kings,Chennai Super Kings,field,"MA Chidambaram Stadium, Chepauk",Kings XI Punjab
191,IPL-2010,Kolkata Knight Riders,Mumbai Indians,Kolkata Knight Riders,bat,Brabourne Stadium,Mumbai Indians
192,IPL-2010,Royal Challengers Bangalore,Chennai Super Kings,Chennai Super Kings,field,M Chinnaswamy Stadium,Royal Challengers Bangalore
193,IPL-2010,Rajasthan Royals,Kings XI Punjab,Kings XI Punjab,field,"Punjab Cricket Association Stadium, Mohali",Rajasthan Royals
194,IPL-2010,Chennai Super Kings,Mumbai Indians,Mumbai Indians,field,Brabourne Stadium,Mumbai Indians
195,IPL-2010,Deccan Chargers,Rajasthan Royals,Deccan Chargers,bat,"Sardar Patel Stadium, Motera",Rajasthan Royals
196,IPL-2010,Kolkata Knight Riders,Kings XI Punjab,Kolkata Knight Riders,bat,"Punjab Cricket Association Stadium, Mohali",Kolkata Knight Riders
197,IPL-2010,Delhi Daredevils,Royal Challengers Bangalore,Royal Challengers Bangalore,field,M Chinnaswamy Stadium,Delhi Daredevils
198,IPL-2010,Rajasthan Royals,Chennai Super Kings,Rajasthan Royals,bat,"Sardar Patel Stadium, Motera",Rajasthan Royals
199,IPL-2010,Mumbai Indians,Deccan Chargers,Deccan Chargers,field,Dr DY Patil Sports Academy,Mumbai Indians
200,IPL-2010,Delhi Daredevils,Kolkata Knight Riders,Delhi Daredevils,bat,Feroz Shah Kotla,Delhi Daredevils
201,IPL-2010,Kings XI Punjab,Mumbai Indians,Mumbai Indians,field,Brabourne Stadium,Mumbai Indians
202,IPL-2010,Royal Challengers Bangalore,Chennai Super Kings,Royal Challengers Bangalore,bat,"MA Chidambaram Stadium, Chepauk",Chennai Super Kings
203,IPL-2010,Delhi Daredevils,Rajasthan Royals,Delhi Daredevils,bat,Feroz Shah Kotla,Delhi Daredevils
204,IPL-2010,Kolkata Knight Riders,Deccan Chargers,Kolkata Knight Riders,bat,Eden Gardens,Kolkata Knight Riders
205,IPL-2010,Kings XI Punjab,Royal Challengers Bangalore,Kings XI Punjab,bat,"Punjab Cricket Association Stadium, Mohali",Royal Challengers Bangalore
206,IPL-2010,Chennai Super Kings,Rajasthan Royals,Chennai Super Kings,bat,"MA Chidambaram Stadium, Chepauk",Chennai Super Kings
207,IPL-2010,Mumbai Indians,Deccan Chargers,Mumbai Indians,bat,Brabourne Stadium,Mumbai Indians
208,IPL-2010,Kolkata Knight Riders,Kings XI Punjab,Kolkata Knight Riders,bat,Eden Gardens,Kings XI Punjab
209,IPL-2010,Delhi Daredevils,Royal Challengers Bangalore,Delhi Daredevils,bat,Feroz Shah Kotla,Delhi Daredevils
210,IPL-2010,Rajasthan Royals,Deccan Chargers,Rajasthan Royals,bat,"Vidarbha Cricket Association Stadium, Jamtha",Rajasthan Royals
211,IPL-2010,Chennai Super Kings,Mumbai Indians,Chennai Super Kings,bat,"MA Chidambaram Stadium, Chepauk",Chennai Super Kings
212,IPL-2010,Kings XI Punjab,Rajasthan Royals,Kings XI Punjab,bat,Sawai Mansingh Stadium,Rajasthan Royals
213,IPL-2010,Kolkata Knight Riders,Delhi Daredevils,Kolkata Knight Riders,bat,Eden Gardens,Kolkata Knight Riders
214,IPL-2010,Royal Challengers Bangalore,Deccan Chargers,Deccan Chargers,field,M Chinnaswamy Stadium,Deccan Chargers
215,IPL-2010,Mumbai Indians,Kings XI Punjab,Mumbai Indians,bat,"Punjab Cricket Association Stadium, Mohali",Kings XI Punjab
216,IPL-2010,Chennai Super Kings,Deccan Chargers,Chennai Super Kings,bat,"Vidarbha Cricket Association Stadium, Jamtha",Deccan Chargers
217,IPL-2010,Kolkata Knight Riders,Royal Challengers Bangalore,Royal Challengers Bangalore,field,M Chinnaswamy Stadium,Royal Challengers Bangalore
218,IPL-2010,Delhi Daredevils,Kings XI Punjab,Delhi Daredevils,bat,Feroz Shah Kotla,Kings XI Punjab
219,IPL-2010,Mumbai Indians,Rajasthan Royals,Rajasthan Royals,field,Sawai Mansingh Stadium,Mumbai Indians
220,IPL-2010,Deccan Chargers,Royal Challengers Bangalore,Royal Challengers Bangalore,field,"Vidarbha Cricket Association Stadium, Jamtha",Deccan Chargers
221,IPL-2010,Mumbai Indians,Delhi Daredevils,Mumbai Indians,bat,Brabourne Stadium,Mumbai Indians
222,IPL-2010,Kolkata Knight Riders,Chennai Super Kings,Kolkata Knight Riders,bat,"MA Chidambaram Stadium, Chepauk",Chennai Super Kings
223,IPL-2010,Rajasthan Royals,Royal Challengers Bangalore,Rajasthan Royals,bat,Sawai Mansingh Stadium,Royal Challengers Bangalore
224,IPL-2010,Chennai Super Kings,Delhi Daredevils,Chennai Super Kings,bat,"MA Chidambaram Stadium, Chepauk",Delhi Daredevils
225,IPL-2010,Kings XI Punjab,Deccan Chargers,Deccan Chargers,field,Himachal Pradesh Cricket Association Stadium,Deccan Chargers
226,IPL-2010,Mumbai Indians,Royal Challengers Bangalore,Royal Challengers Bangalore,field,M Chinnaswamy Stadium,Mumbai Indians
227,IPL-2010,Rajasthan Royals,Kolkata Knight Riders,Rajasthan Royals,bat,Eden Gardens,Kolkata Knight Riders
228,IPL-2010,Kings XI Punjab,Chennai Super Kings,Chennai Super Kings,field,Himachal Pradesh Cricket Association Stadium,Chennai Super Kings
229,IPL-2010,Deccan Chargers,Delhi Daredevils,Deccan Chargers,bat,Feroz Shah Kotla,Deccan Chargers
230,IPL-2010,Mumbai Indians,Kolkata Knight Riders,Mumbai Indians,bat,Eden Gardens,Kolkata Knight Riders
231,IPL-2010,Mumbai Indians,Royal Challengers Bangalore,Mumbai Indians,bat,Dr DY Patil Sports Academy,Mumbai Indians
232,IPL-2010,Chennai Super Kings,Deccan Chargers,Chennai Super Kings,bat,Dr DY Patil Sports Academy,Chennai Super Kings
233,IPL-2010,Deccan Chargers,Royal Challengers Bangalore,Deccan Chargers,bat,Dr DY Patil Sports Academy,Royal Challengers Bangalore
234,IPL-2010,Chennai Super Kings,Mumbai Indians,Chennai Super Kings,bat,Dr DY Patil Sports Academy,Chennai Super Kings
235,IPL-2011,Chennai Super Kings,Kolkata Knight Riders,Chennai Super Kings,bat,"MA Chidambaram Stadium, Chepauk",Chennai Super Kings
236,IPL-2011,Deccan Chargers,Rajasthan Royals,Rajasthan Royals,field,"Rajiv Gandhi International Stadium, Uppal",Rajasthan Royals
237,IPL-2011,Kochi Tuskers Kerala,Royal Challengers Bangalore,Kochi Tuskers Kerala,bat,Nehru Stadium,Royal Challengers Bangalore
238,IPL-2011,Delhi Daredevils,Mumbai Indians,Delhi Daredevils,bat,Feroz Shah Kotla,Mumbai Indians
239,IPL-2011,Kings XI Punjab,Pune Warriors,Kings XI Punjab,bat,Dr DY Patil Sports Academy,Pune Warriors
240,IPL-2011,Kolkata Knight Riders,Deccan Chargers,Kolkata Knight Riders,bat,Eden Gardens,Kolkata Knight Riders
241,IPL-2011,Delhi Daredevils,Rajasthan Royals,Delhi Daredevils,bat,Sawai Mansingh Stadium,Rajasthan Royals
242,IPL-2011,Royal Challengers Bangalore,Mumbai Indians,Mumbai Indians,field,M Chinnaswamy Stadium,Mumbai Indians
243,IPL-2011,Chennai Super Kings,Kings XI Punjab,Kings XI Punjab,field,"Punjab Cricket Association Stadium, Mohali",Kings XI Punjab
244,IPL-2011,Kochi Tuskers Kerala,Pune Warriors,Kochi Tuskers Kerala,bat,Dr DY Patil Sports Academy,Pune Warriors
245,IPL-2011,Deccan Chargers,Royal Challengers Bangalore,Royal Challengers Bangalore,field,"Rajiv Gandhi International Stadium, Uppal",Deccan Chargers
246,IPL-2011,Rajasthan Royals,Kolkata Knight Riders,Kolkata Knight Riders,field,Sawai Mansingh Stadium,Kolkata Knight Riders
247,IPL-2011,Mumbai Indians,Kochi Tuskers Kerala,Kochi Tuskers Kerala,field,Wankhede Stadium,Kochi Tuskers Kerala
248,IPL-2011,Chennai Super Kings,Royal Challengers Bangalore,Chennai Super Kings,bat,"MA Chidambaram Stadium, Chepauk",Chennai Super Kings
249,IPL-2011,Deccan Chargers,Kings XI Punjab,Kings XI Punjab,field,"Rajiv Gandhi International Stadium, Uppal",Kings XI Punjab
250,IPL-2011,Pune Warriors,Delhi Daredevils,Delhi Daredevils,field,Dr DY Patil Sports Academy,Delhi Daredevils
251,IPL-2011,Rajasthan Royals,Kolkata Knight Riders,Kolkata Knight Riders,field,Eden Gardens,Kolkata Knight Riders
252,IPL-2011,Chennai Super Kings,Kochi Tuskers Kerala,Kochi Tuskers Kerala,field,Nehru Stadium,Kochi Tuskers Kerala
253,IPL-2011,Deccan Chargers,Delhi Daredevils,Deccan Chargers,bat,Feroz Shah Kotla,Deccan Chargers
254,IPL-2011,Pune Warriors,Mumbai Indians,Pune Warriors,bat,Wankhede Stadium,Mumbai Indians
255,IPL-2011,Kochi Tuskers Kerala,Kolkata Knight Riders,Kolkata Knight Riders,field,Eden Gardens,Kochi Tuskers Kerala
256,IPL-2011,Kings XI Punjab,Rajasthan Royals,Rajasthan Royals,field,"Punjab Cricket Association Stadium, Mohali",Kings XI Punjab
257,IPL-2011,Mumbai Indians,Chennai Super Kings,Chennai Super Kings,field,Wankhede Stadium,Mumbai Indians
258,IPL-2011,Kolkata Knight Riders,Royal Challengers Bangalore,Royal Challengers Bangalore,field,Eden Gardens,Royal Challengers Bangalore
259,IPL-2011,Delhi Daredevils,Kings XI Punjab,Kings XI Punjab,field,Feroz Shah Kotla,Delhi Daredevils
260,IPL-2011,Mumbai Indians,Deccan Chargers,Deccan Chargers,field,"Rajiv Gandhi International Stadium, Uppal",Mumbai Indians
261,IPL-2011,Kochi Tuskers Kerala,Rajasthan Royals,Rajasthan Royals,field,Sawai Mansingh Stadium,Rajasthan Royals
262,IPL-2011,Chennai Super Kings,Pune Warriors,Pune Warriors,field,"MA Chidambaram Stadium, Chepauk",Chennai Super Kings
263,IPL-2011,Delhi Daredevils,Royal Challengers Bangalore,Royal Challengers Bangalore,field,Feroz Shah Kotla,Royal Challengers Bangalore
264,IPL-2011,Pune Warriors,Chennai Super Kings,Pune Warriors,bat,Dr DY Patil Sports Academy,Chennai Super Kings
265,IPL-2011,Deccan Chargers,Kochi Tuskers Kerala,Kochi Tuskers Kerala,field,Nehru Stadium,Deccan Chargers
266,IPL-2011,Kolkata Knight Riders,Delhi Daredevils,Delhi Daredevils,field,Feroz Shah Kotla,Kolkata Knight Riders
267,IPL-2011,Mumbai Indians,Rajasthan Royals,Rajasthan Royals,field,Sawai Mansingh Stadium,Rajasthan Royals
268,IPL-2011,Royal Challengers Bangalore,Pune Warriors,Pune Warriors,field,M Chinnaswamy Stadium,Royal Challengers Bangalore
269,IPL-2011,Delhi Daredevils,Kochi Tuskers Kerala,Delhi Daredevils,bat,Nehru Stadium,Delhi Daredevils
270,IPL-2011,Kings XI Punjab,Kolkata Knight Riders,Kolkata Knight Riders,field,Eden Gardens,Kolkata Knight Riders
271,IPL-2011,Pune Warriors,Rajasthan Royals,Rajasthan Royals,field,Sawai Mansingh Stadium,Rajasthan Royals
272,IPL-2011,Chennai Super Kings,Deccan Chargers,Chennai Super Kings,bat,"MA Chidambaram Stadium, Chepauk",Chennai Super Kings
273,IPL-2011,Mumbai Indians,Kings XI Punjab,Kings XI Punjab,field,Wankhede Stadium,Mumbai Indians
274,IPL-2011,Delhi Daredevils,Kochi Tuskers Kerala,Kochi Tuskers Kerala,field,Feroz Shah Kotla,Kochi Tuskers Kerala
275,IPL-2011,Kolkata Knight Riders,Deccan Chargers,Deccan Chargers,field,"Rajiv Gandhi International Stadium, Uppal",Kolkata Knight Riders
276,IPL-2011,Rajasthan Royals,Chennai Super Kings,Rajasthan Royals,bat,"MA Chidambaram Stadium, Chepauk",Chennai Super Kings
277,IPL-2011,Mumbai Indians,Pune Warriors,Pune Warriors,field,Dr DY Patil Sports Academy,Mumbai Indians
278,IPL-2011,Kochi Tuskers Kerala,Kolkata Knight Riders,Kolkata Knight Riders,field,Nehru Stadium,Kochi Tuskers Kerala
279,IPL-2011,Deccan Chargers,Delhi Daredevils,Delhi Daredevils,field,"Rajiv Gandhi International Stadium, Uppal",Delhi Daredevils
280,IPL-2011,Royal Challengers Bangalore,Kings XI Punjab,Kings XI Punjab,field,M Chinnaswamy Stadium,Royal Challengers Bangalore
281,IPL-2011,Chennai Super Kings,Kolkata Knight Riders,Chennai Super Kings,bat,Eden Gardens,Kolkata Knight Riders
282,IPL-2011,Mumbai Indians,Delhi Daredevils,Delhi Daredevils,field,Wankhede Stadium,Mumbai Indians
283,IPL-2011,Kochi Tuskers Kerala,Royal Challengers Bangalore,Kochi Tuskers Kerala,bat,M Chinnaswamy Stadium,Royal Challengers Bangalore
284,IPL-2011,Kings XI Punjab,Pune Warriors,Kings XI Punjab,bat,"Punjab Cricket Association Stadium, Mohali",Pune Warriors
285,IPL-2011,Chennai Super Kings,Rajasthan Royals,Rajasthan Royals,field,Sawai Mansingh Stadium,Chennai Super Kings
286,IPL-2011,Deccan Chargers,Pune Warriors,Deccan Chargers,bat,"Rajiv Gandhi International Stadium, Uppal",Pune Warriors
287,IPL-2011,Kings XI Punjab,Mumbai Indians,Mumbai Indians,field,"Punjab Cricket Association Stadium, Mohali",Kings XI Punjab
288,IPL-2011,Rajasthan Royals,Royal Challengers Bangalore,Royal Challengers Bangalore,field,Sawai Mansingh Stadium,Royal Challengers Bangalore
289,IPL-2011,Chennai Super Kings,Delhi Daredevils,Chennai Super Kings,bat,"MA Chidambaram Stadium, Chepauk",Chennai Super Kings
290,IPL-2011,Kochi Tuskers Kerala,Kings XI Punjab,Kings XI Punjab,field,Holkar Cricket Stadium,Kings XI Punjab
291,IPL-2011,Kolkata Knight Riders,Royal Challengers Bangalore,Royal Challengers Bangalore,field,M Chinnaswamy Stadium,Royal Challengers Bangalore
292,IPL-2011,Deccan Chargers,Mumbai Indians,Deccan Chargers,bat,Wankhede Stadium,Deccan Chargers
293,IPL-2011,Kings XI Punjab,Delhi Daredevils,Delhi Daredevils,field,Himachal Pradesh Cricket Association Stadium,Kings XI Punjab
294,IPL-2011,Rajasthan Royals,Kochi Tuskers Kerala,Kochi Tuskers Kerala,field,Holkar Cricket Stadium,Kochi Tuskers Kerala
295,IPL-2011,Pune Warriors,Deccan Chargers,Deccan Chargers,field,Dr DY Patil Sports Academy,Deccan Chargers
296,IPL-2011,Kings XI Punjab,Royal Challengers Bangalore,Kings XI Punjab,bat,Himachal Pradesh Cricket Association Stadium,Kings XI Punjab
297,IPL-2011,Chennai Super Kings,Kochi Tuskers Kerala,Chennai Super Kings,bat,"MA Chidambaram Stadium, Chepauk",Chennai Super Kings
298,IPL-2011,Pune Warriors,Kolkata Knight Riders,Kolkata Knight Riders,field,Dr DY Patil Sports Academy,Kolkata Knight Riders
299,IPL-2011,Mumbai Indians,Rajasthan Royals,Mumbai Indians,bat,Wankhede Stadium,Rajasthan Royals
300,IPL-2011,Deccan Chargers,Kings XI Punjab,Kings XI Punjab,field,Himachal Pradesh Cricket Association Stadium,Deccan Chargers
302,IPL-2011,Chennai Super Kings,Royal Challengers Bangalore,Royal Challengers Bangalore,field,M Chinnaswamy Stadium,Royal Challengers Bangalore
303,IPL-2011,Kolkata Knight Riders,Mumbai Indians,Mumbai Indians,field,Eden Gardens,Mumbai Indians
304,IPL-2011,Royal Challengers Bangalore,Chennai Super Kings,Chennai Super Kings,field,Wankhede Stadium,Chennai Super Kings
305,IPL-2011,Kolkata Knight Riders,Mumbai Indians,Mumbai Indians,field,Wankhede Stadium,Mumbai Indians
306,IPL-2011,Royal Challengers Bangalore,Mumbai Indians,Mumbai Indians,field,"MA Chidambaram Stadium, Chepauk",Royal Challengers Bangalore
307,IPL-2011,Chennai Super Kings,Royal Challengers Bangalore,Chennai Super Kings,bat,"MA Chidambaram Stadium, Chepauk",Chennai Super Kings
308,IPL-2012,Chennai Super Kings,Mumbai Indians,Mumbai Indians,field,"MA Chidambaram Stadium, Chepauk",Mumbai Indians
309,IPL-2012,Kolkata Knight Riders,Delhi Daredevils,Delhi Daredevils,field,Eden Gardens,Delhi Daredevils
310,IPL-2012,Pune Warriors,Mumbai Indians,Mumbai Indians,field,Wankhede Stadium,Pune Warriors
311,IPL-2012,Rajasthan Royals,Kings XI Punjab,Kings XI Punjab,field,Sawai Mansingh Stadium,Rajasthan Royals
312,IPL-2012,Royal Challengers Bangalore,Delhi Daredevils,Delhi Daredevils,field,M Chinnaswamy Stadium,Royal Challengers Bangalore
313,IPL-2012,Chennai Super Kings,Deccan Chargers,Deccan Chargers,field,Dr. Y.S. Rajasekhara Reddy ACA-VDCA Cricket Stadium,Chennai Super Kings
314,IPL-2012,Rajasthan Royals,Kolkata Knight Riders,Kolkata Knight Riders,field,Sawai Mansingh Stadium,Rajasthan Royals
315,IPL-2012,Pune Warriors,Kings XI Punjab,Pune Warriors,bat,Subrata Roy Sahara Stadium,Pune Warriors
316,IPL-2012,Deccan Chargers,Mumbai Indians,Deccan Chargers,bat,Dr. Y.S. Rajasekhara Reddy ACA-VDCA Cricket Stadium,Mumbai Indians
317,IPL-2012,Kolkata Knight Riders,Royal Challengers Bangalore,Royal Challengers Bangalore,field,M Chinnaswamy Stadium,Kolkata Knight Riders
318,IPL-2012,Chennai Super Kings,Delhi Daredevils,Delhi Daredevils,field,Feroz Shah Kotla,Delhi Daredevils
319,IPL-2012,Mumbai Indians,Rajasthan Royals,Rajasthan Royals,field,Wankhede Stadium,Mumbai Indians
320,IPL-2012,Royal Challengers Bangalore,Chennai Super Kings,Royal Challengers Bangalore,bat,"MA Chidambaram Stadium, Chepauk",Chennai Super Kings
321,IPL-2012,Pune Warriors,Kings XI Punjab,Kings XI Punjab,field,"Punjab Cricket Association Stadium, Mohali",Kings XI Punjab
322,IPL-2012,Rajasthan Royals,Kolkata Knight Riders,Rajasthan Royals,bat,Eden Gardens,Kolkata Knight Riders
323,IPL-2012,Deccan Chargers,Delhi Daredevils,Deccan Chargers,bat,Feroz Shah Kotla,Delhi Daredevils
324,IPL-2012,Chennai Super Kings,Pune Warriors,Chennai Super Kings,bat,Subrata Roy Sahara Stadium,Pune Warriors
325,IPL-2012,Kings XI Punjab,Kolkata Knight Riders,Kolkata Knight Riders,field,Eden Gardens,Kings XI Punjab
326,IPL-2012,Rajasthan Royals,Royal Challengers Bangalore,Rajasthan Royals,bat,M Chinnaswamy Stadium,Rajasthan Royals
327,IPL-2012,Mumbai Indians,Delhi Daredevils,Delhi Daredevils,field,Wankhede Stadium,Delhi Daredevils
328,IPL-2012,Deccan Chargers,Rajasthan Royals,Deccan Chargers,bat,Sawai Mansingh Stadium,Rajasthan Royals
329,IPL-2012,Pune Warriors,Royal Challengers Bangalore,Pune Warriors,bat,M Chinnaswamy Stadium,Royal Challengers Bangalore
330,IPL-2012,Kings XI Punjab,Kolkata Knight Riders,Kings XI Punjab,bat,"Punjab Cricket Association Stadium, Mohali",Kolkata Knight Riders
331,IPL-2012,Deccan Chargers,Delhi Daredevils,Deccan Chargers,bat,"Rajiv Gandhi International Stadium, Uppal",Delhi Daredevils
332,IPL-2012,Chennai Super Kings,Pune Warriors,Pune Warriors,field,"MA Chidambaram Stadium, Chepauk",Chennai Super Kings
333,IPL-2012,Kings XI Punjab,Royal Challengers Bangalore,Royal Challengers Bangalore,field,"Punjab Cricket Association Stadium, Mohali",Royal Challengers Bangalore
334,IPL-2012,Rajasthan Royals,Chennai Super Kings,Rajasthan Royals,bat,"MA Chidambaram Stadium, Chepauk",Chennai Super Kings
335,IPL-2012,Pune Warriors,Delhi Daredevils,Delhi Daredevils,field,Feroz Shah Kotla,Pune Warriors
336,IPL-2012,Mumbai Indians,Kings XI Punjab,Mumbai Indians,bat,Wankhede Stadium,Kings XI Punjab
337,IPL-2012,Deccan Chargers,Kolkata Knight Riders,Kolkata Knight Riders,field,Barabati Stadium,Kolkata Knight Riders
338,IPL-2012,Royal Challengers Bangalore,Rajasthan Royals,Rajasthan Royals,field,Sawai Mansingh Stadium,Royal Challengers Bangalore
339,IPL-2012,Pune Warriors,Delhi Daredevils,Pune Warriors,bat,Subrata Roy Sahara Stadium,Delhi Daredevils
340,IPL-2012,Kings XI Punjab,Mumbai Indians,Kings XI Punjab,bat,"Punjab Cricket Association Stadium, Mohali",Mumbai Indians
341,IPL-2012,Deccan Chargers,Pune Warriors,Deccan Chargers,bat,Subrata Roy Sahara Stadium,Deccan Chargers
342,IPL-2012,Delhi Daredevils,Mumbai Indians,Mumbai Indians,field,Feroz Shah Kotla,Delhi Daredevils
343,IPL-2012,Kings XI Punjab,Chennai Super Kings,Kings XI Punjab,bat,"MA Chidambaram Stadium, Chepauk",Kings XI Punjab
344,IPL-2012,Kolkata Knight Riders,Royal Challengers Bangalore,Kolkata Knight Riders,bat,Eden Gardens,Kolkata Knight Riders
345,IPL-2012,Delhi Daredevils,Rajasthan Royals,Delhi Daredevils,bat,Feroz Shah Kotla,Delhi Daredevils
346,IPL-2012,Deccan Chargers,Mumbai Indians,Mumbai Indians,field,Wankhede Stadium,Mumbai Indians
347,IPL-2012,Chennai Super Kings,Kolkata Knight Riders,Chennai Super Kings,bat,"MA Chidambaram Stadium, Chepauk",Kolkata Knight Riders
348,IPL-2012,Deccan Chargers,Pune Warriors,Deccan Chargers,bat,Barabati Stadium,Deccan Chargers
349,IPL-2012,Rajasthan Royals,Delhi Daredevils,Rajasthan Royals,bat,Sawai Mansingh Stadium,Delhi Daredevils
350,IPL-2012,Royal Challengers Bangalore,Kings XI Punjab,Kings XI Punjab,field,M Chinnaswamy Stadium,Kings XI Punjab
351,IPL-2012,Mumbai Indians,Pune Warriors,Mumbai Indians,bat,Subrata Roy Sahara Stadium,Mumbai Indians
352,IPL-2012,Chennai Super Kings,Deccan Chargers,Chennai Super Kings,bat,"MA Chidambaram Stadium, Chepauk",Chennai Super Kings
353,IPL-2012,Kolkata Knight Riders,Pune Warriors,Kolkata Knight Riders,bat,Eden Gardens,Kolkata Knight Riders
354,IPL-2012,Rajasthan Royals,Kings XI Punjab,Rajasthan Royals,bat,"Punjab Cricket Association Stadium, Mohali",Rajasthan Royals
355,IPL-2012,Chennai Super Kings,Mumbai Indians,Mumbai Indians,field,Wankhede Stadium,Mumbai Indians
356,IPL-2012,Deccan Chargers,Royal Challengers Bangalore,Royal Challengers Bangalore,field,M Chinnaswamy Stadium,Royal Challengers Bangalore
357,IPL-2012,Delhi Daredevils,Kolkata Knight Riders,Delhi Daredevils,bat,Feroz Shah Kotla,Kolkata Knight Riders
358,IPL-2012,Pune Warriors,Rajasthan Royals,Pune Warriors,bat,Subrata Roy Sahara Stadium,Rajasthan Royals
359,IPL-2012,Kings XI Punjab,Deccan Chargers,Deccan Chargers,field,"Rajiv Gandhi International Stadium, Uppal",Kings XI Punjab
360,IPL-2012,Mumbai Indians,Royal Challengers Bangalore,Royal Challengers Bangalore,field,Wankhede Stadium,Royal Challengers Bangalore
361,IPL-2012,Rajasthan Royals,Chennai Super Kings,Chennai Super Kings,field,Sawai Mansingh Stadium,Chennai Super Kings
362,IPL-2012,Royal Challengers Bangalore,Pune Warriors,Pune Warriors,field,Subrata Roy Sahara Stadium,Royal Challengers Bangalore
363,IPL-2012,Mumbai Indians,Kolkata Knight Riders,Mumbai Indians,bat,Eden Gardens,Mumbai Indians
364,IPL-2012,Delhi Daredevils,Chennai Super Kings,Chennai Super Kings,field,"MA Chidambaram Stadium, Chepauk",Chennai Super Kings
365,IPL-2012,Rajasthan Royals,Pune Warriors,Rajasthan Royals,bat,Sawai Mansingh Stadium,Rajasthan Royals
366,IPL-2012,Deccan Chargers,Kings XI Punjab,Deccan Chargers,bat,"Punjab Cricket Association Stadium, Mohali",Kings XI Punjab
367,IPL-2012,Royal Challengers Bangalore,Mumbai Indians,Mumbai Indians,field,M Chinnaswamy Stadium,Mumbai Indians
368,IPL-2012,Kolkata Knight Riders,Chennai Super Kings,Chennai Super Kings,field,Eden Gardens,Chennai Super Kings
369,IPL-2012,Kings XI Punjab,Delhi Daredevils,Kings XI Punjab,bat,Feroz Shah Kotla,Delhi Daredevils
370,IPL-2012,Kolkata Knight Riders,Mumbai Indians,Mumbai Indians,field,Wankhede Stadium,Kolkata Knight Riders
371,IPL-2012,Chennai Super Kings,Kings XI Punjab,Kings XI Punjab,field,Himachal Pradesh Cricket Association Stadium,Kings XI Punjab
372,IPL-2012,Royal Challengers Bangalore,Delhi Daredevils,Delhi Daredevils,field,Feroz Shah Kotla,Royal Challengers Bangalore
373,IPL-2012,Rajasthan Royals,Deccan Chargers,Rajasthan Royals,bat,"Rajiv Gandhi International Stadium, Uppal",Deccan Chargers
374,IPL-2012,Kings XI Punjab,Delhi Daredevils,Delhi Daredevils,field,Himachal Pradesh Cricket Association Stadium,Delhi Daredevils
375,IPL-2012,Kolkata Knight Riders,Pune Warriors,Kolkata Knight Riders,bat,Subrata Roy Sahara Stadium,Kolkata Knight Riders
376,IPL-2012,Deccan Chargers,Royal Challengers Bangalore,Royal Challengers Bangalore,field,"Rajiv Gandhi International Stadium, Uppal",Deccan Chargers
377,IPL-2012,Rajasthan Royals,Mumbai Indians,Rajasthan Royals,bat,Sawai Mansingh Stadium,Mumbai Indians
378,IPL-2012,Kolkata Knight Riders,Delhi Daredevils,Kolkata Knight Riders,bat,Subrata Roy Sahara Stadium,Kolkata Knight Riders
379,IPL-2012,Chennai Super Kings,Mumbai Indians,Mumbai Indians,field,M Chinnaswamy Stadium,Chennai Super Kings
380,IPL-2012,Chennai Super Kings,Delhi Daredevils,Delhi Daredevils,field,"MA Chidambaram Stadium, Chepauk",Chennai Super Kings
381,IPL-2012,Chennai Super Kings,Kolkata Knight Riders,Chennai Super Kings,bat,"MA Chidambaram Stadium, Chepauk",Kolkata Knight Riders
382,IPL-2013,Delhi Daredevils,Kolkata Knight Riders,Kolkata Knight Riders,field,Eden Gardens,Kolkata Knight Riders
383,IPL-2013,Royal Challengers Bangalore,Mumbai Indians,Mumbai Indians,field,M Chinnaswamy Stadium,Royal Challengers Bangalore
384,IPL-2013,Sunrisers Hyderabad,Pune Warriors,Pune Warriors,field,"Rajiv Gandhi International Stadium, Uppal",Sunrisers Hyderabad
385,IPL-2013,Rajasthan Royals,Delhi Daredevils,Rajasthan Royals,bat,Feroz Shah Kotla,Rajasthan Royals
386,IPL-2013,Mumbai Indians,Chennai Super Kings,Mumbai Indians,bat,"MA Chidambaram Stadium, Chepauk",Mumbai Indians
387,IPL-2013,Pune Warriors,Kings XI Punjab,Pune Warriors,bat,Subrata Roy Sahara Stadium,Kings XI Punjab
388,IPL-2013,Royal Challengers Bangalore,Sunrisers Hyderabad,Royal Challengers Bangalore,bat,"Rajiv Gandhi International Stadium, Uppal",Sunrisers Hyderabad
389,IPL-2013,Rajasthan Royals,Kolkata Knight Riders,Kolkata Knight Riders,field,Sawai Mansingh Stadium,Rajasthan Royals
390,IPL-2013,Mumbai Indians,Delhi Daredevils,Mumbai Indians,bat,Wankhede Stadium,Mumbai Indians
391,IPL-2013,Kings XI Punjab,Chennai Super Kings,Chennai Super Kings,field,"Punjab Cricket Association Stadium, Mohali",Chennai Super Kings
392,IPL-2013,Kolkata Knight Riders,Royal Challengers Bangalore,Royal Challengers Bangalore,field,M Chinnaswamy Stadium,Royal Challengers Bangalore
393,IPL-2013,Rajasthan Royals,Pune Warriors,Rajasthan Royals,bat,Subrata Roy Sahara Stadium,Pune Warriors
394,IPL-2013,Delhi Daredevils,Sunrisers Hyderabad,Delhi Daredevils,bat,Feroz Shah Kotla,Sunrisers Hyderabad
395,IPL-2013,Mumbai Indians,Pune Warriors,Mumbai Indians,bat,Wankhede Stadium,Mumbai Indians
396,IPL-2013,Royal Challengers Bangalore,Chennai Super Kings,Chennai Super Kings,field,"MA Chidambaram Stadium, Chepauk",Chennai Super Kings
397,IPL-2013,Kolkata Knight Riders,Sunrisers Hyderabad,Kolkata Knight Riders,bat,Eden Gardens,Kolkata Knight Riders
398,IPL-2013,Kings XI Punjab,Rajasthan Royals,Rajasthan Royals,field,Sawai Mansingh Stadium,Rajasthan Royals
399,IPL-2013,Pune Warriors,Chennai Super Kings,Pune Warriors,bat,"MA Chidambaram Stadium, Chepauk",Pune Warriors
400,IPL-2013,Kings XI Punjab,Kolkata Knight Riders,Kolkata Knight Riders,field,"Punjab Cricket Association Stadium, Mohali",Kings XI Punjab
401,IPL-2013,Delhi Daredevils,Royal Challengers Bangalore,Royal Challengers Bangalore,field,M Chinnaswamy Stadium,Royal Challengers Bangalore
402,IPL-2013,Sunrisers Hyderabad,Pune Warriors,Pune Warriors,field,Subrata Roy Sahara Stadium,Sunrisers Hyderabad
403,IPL-2013,Rajasthan Royals,Mumbai Indians,Rajasthan Royals,bat,Sawai Mansingh Stadium,Rajasthan Royals
404,IPL-2013,Chennai Super Kings,Delhi Daredevils,Chennai Super Kings,bat,Feroz Shah Kotla,Chennai Super Kings
405,IPL-2013,Kings XI Punjab,Sunrisers Hyderabad,Kings XI Punjab,bat,"Rajiv Gandhi International Stadium, Uppal",Sunrisers Hyderabad
406,IPL-2013,Kolkata Knight Riders,Chennai Super Kings,Kolkata Knight Riders,bat,Eden Gardens,Chennai Super Kings
407,IPL-2013,Rajasthan Royals,Royal Challengers Bangalore,Royal Challengers Bangalore,field,M Chinnaswamy Stadium,Royal Challengers Bangalore
408,IPL-2013,Mumbai Indians,Delhi Daredevils,Mumbai Indians,bat,Feroz Shah Kotla,Delhi Daredevils
409,IPL-2013,Pune Warriors,Kings XI Punjab,Kings XI Punjab,field,"Punjab Cricket Association Stadium, Mohali",Kings XI Punjab
410,IPL-2013,Rajasthan Royals,Chennai Super Kings,Rajasthan Royals,bat,"MA Chidambaram Stadium, Chepauk",Chennai Super Kings
411,IPL-2013,Royal Challengers Bangalore,Pune Warriors,Pune Warriors,field,M Chinnaswamy Stadium,Royal Challengers Bangalore
412,IPL-2013,Kings XI Punjab,Delhi Daredevils,Delhi Daredevils,field,Himachal Pradesh Cricket Association Stadium,Kings XI Punjab
413,IPL-2013,Kolkata Knight Riders,Mumbai Indians,Kolkata Knight Riders,bat,Eden Gardens,Mumbai Indians
414,IPL-2013,Sunrisers Hyderabad,Chennai Super Kings,Sunrisers Hyderabad,bat,"MA Chidambaram Stadium, Chepauk",Chennai Super Kings
415,IPL-2013,Kings XI Punjab,Kolkata Knight Riders,Kings XI Punjab,bat,Eden Gardens,Kolkata Knight Riders
416,IPL-2013,Sunrisers Hyderabad,Rajasthan Royals,Sunrisers Hyderabad,bat,Sawai Mansingh Stadium,Rajasthan Royals
417,IPL-2013,Mumbai Indians,Royal Challengers Bangalore,Mumbai Indians,bat,Wankhede Stadium,Mumbai Indians
418,IPL-2013,Chennai Super Kings,Kolkata Knight Riders,Kolkata Knight Riders,field,"MA Chidambaram Stadium, Chepauk",Chennai Super Kings
419,IPL-2013,Delhi Daredevils,Pune Warriors,Pune Warriors,field,Shaheed Veer Narayan Singh International Stadium,Delhi Daredevils
420,IPL-2013,Royal Challengers Bangalore,Rajasthan Royals,Rajasthan Royals,field,Sawai Mansingh Stadium,Rajasthan Royals
421,IPL-2013,Mumbai Indians,Kings XI Punjab,Mumbai Indians,bat,Wankhede Stadium,Mumbai Indians
422,IPL-2013,Chennai Super Kings,Pune Warriors,Chennai Super Kings,bat,Subrata Roy Sahara Stadium,Chennai Super Kings
423,IPL-2013,Mumbai Indians,Sunrisers Hyderabad,Mumbai Indians,bat,"Rajiv Gandhi International Stadium, Uppal",Sunrisers Hyderabad
424,IPL-2013,Kolkata Knight Riders,Delhi Daredevils,Kolkata Knight Riders,bat,Shaheed Veer Narayan Singh International Stadium,Delhi Daredevils
425,IPL-2013,Chennai Super Kings,Kings XI Punjab,Chennai Super Kings,bat,"MA Chidambaram Stadium, Chepauk",Chennai Super Kings
426,IPL-2013,Royal Challengers Bangalore,Pune Warriors,Royal Challengers Bangalore,bat,Subrata Roy Sahara Stadium,Royal Challengers Bangalore
427,IPL-2013,Rajasthan Royals,Kolkata Knight Riders,Rajasthan Royals,bat,Eden Gardens,Kolkata Knight Riders
428,IPL-2013,Delhi Daredevils,Sunrisers Hyderabad,Delhi Daredevils,bat,"Rajiv Gandhi International Stadium, Uppal",Sunrisers Hyderabad
429,IPL-2013,Royal Challengers Bangalore,Kings XI Punjab,Kings XI Punjab,field,M Chinnaswamy Stadium,Kings XI Punjab
430,IPL-2013,Mumbai Indians,Chennai Super Kings,Mumbai Indians,bat,Wankhede Stadium,Mumbai Indians
431,IPL-2013,Pune Warriors,Rajasthan Royals,Pune Warriors,bat,Sawai Mansingh Stadium,Rajasthan Royals
432,IPL-2013,Sunrisers Hyderabad,Royal Challengers Bangalore,Sunrisers Hyderabad,bat,M Chinnaswamy Stadium,Royal Challengers Bangalore
433,IPL-2013,Delhi Daredevils,Rajasthan Royals,Delhi Daredevils,bat,Sawai Mansingh Stadium,Rajasthan Royals
434,IPL-2013,Mumbai Indians,Kolkata Knight Riders,Mumbai Indians,bat,Wankhede Stadium,Mumbai Indians
435,IPL-2013,Chennai Super Kings,Sunrisers Hyderabad,Sunrisers Hyderabad,field,"Rajiv Gandhi International Stadium, Uppal",Chennai Super Kings
436,IPL-2013,Kings XI Punjab,Rajasthan Royals,Rajasthan Royals,field,"Punjab Cricket Association Stadium, Mohali",Rajasthan Royals
437,IPL-2013,Kolkata Knight Riders,Pune Warriors,Kolkata Knight Riders,bat,Subrata Roy Sahara Stadium,Kolkata Knight Riders
438,IPL-2013,Royal Challengers Bangalore,Delhi Daredevils,Delhi Daredevils,field,Feroz Shah Kotla,Royal Challengers Bangalore
439,IPL-2013,Pune Warriors,Mumbai Indians,Pune Warriors,bat,Subrata Roy Sahara Stadium,Mumbai Indians
440,IPL-2013,Sunrisers Hyderabad,Kings XI Punjab,Kings XI Punjab,field,"Punjab Cricket Association Stadium, Mohali",Sunrisers Hyderabad
441,IPL-2013,Royal Challengers Bangalore,Kolkata Knight Riders,Kolkata Knight Riders,field,JSCA International Stadium Complex,Kolkata Knight Riders
442,IPL-2013,Chennai Super Kings,Rajasthan Royals,Rajasthan Royals,field,Sawai Mansingh Stadium,Rajasthan Royals
443,IPL-2013,Delhi Daredevils,Kings XI Punjab,Kings XI Punjab,field,Feroz Shah Kotla,Kings XI Punjab
444,IPL-2013,Sunrisers Hyderabad,Mumbai Indians,Sunrisers Hyderabad,bat,Wankhede Stadium,Mumbai Indians
445,IPL-2013,Pune Warriors,Kolkata Knight Riders,Kolkata Knight Riders,field,JSCA International Stadium Complex,Pune Warriors
446,IPL-2013,Chennai Super Kings,Delhi Daredevils,Chennai Super Kings,bat,"MA Chidambaram Stadium, Chepauk",Chennai Super Kings
447,IPL-2013,Mumbai Indians,Rajasthan Royals,Rajasthan Royals,field,Wankhede Stadium,Mumbai Indians
448,IPL-2013,Royal Challengers Bangalore,Kings XI Punjab,Kings XI Punjab,field,"Punjab Cricket Association Stadium, Mohali",Kings XI Punjab
449,IPL-2013,Sunrisers Hyderabad,Rajasthan Royals,Sunrisers Hyderabad,bat,"Rajiv Gandhi International Stadium, Uppal",Sunrisers Hyderabad
450,IPL-2013,Kings XI Punjab,Mumbai Indians,Mumbai Indians,field,Himachal Pradesh Cricket Association Stadium,Kings XI Punjab
451,IPL-2013,Pune Warriors,Delhi Daredevils,Pune Warriors,bat,Subrata Roy Sahara Stadium,Pune Warriors
452,IPL-2013,Royal Challengers Bangalore,Chennai Super Kings,Chennai Super Kings,field,M Chinnaswamy Stadium,Royal Challengers Bangalore
453,IPL-2013,Kolkata Knight Riders,Sunrisers Hyderabad,Kolkata Knight Riders,bat,"Rajiv Gandhi International Stadium, Uppal",Sunrisers Hyderabad
454,IPL-2013,Chennai Super Kings,Mumbai Indians,Chennai Super Kings,bat,Feroz Shah Kotla,Chennai Super Kings
455,IPL-2013,Sunrisers Hyderabad,Rajasthan Royals,Sunrisers Hyderabad,bat,Feroz Shah Kotla,Rajasthan Royals
456,IPL-2013,Rajasthan Royals,Mumbai Indians,Rajasthan Royals,bat,Eden Gardens,Mumbai Indians
457,IPL-2013,Mumbai Indians,Chennai Super Kings,Mumbai Indians,bat,Eden Gardens,Mumbai Indians
458,IPL-2014,Kolkata Knight Riders,Mumbai Indians,Kolkata Knight Riders,bat,Sheikh Zayed Stadium,Kolkata Knight Riders
459,IPL-2014,Delhi Daredevils,Royal Challengers Bangalore,Royal Challengers Bangalore,field,Sharjah Cricket Stadium,Royal Challengers Bangalore
460,IPL-2014,Chennai Super Kings,Kings XI Punjab,Chennai Super Kings,bat,Sheikh Zayed Stadium,Kings XI Punjab
461,IPL-2014,Sunrisers Hyderabad,Rajasthan Royals,Rajasthan Royals,field,Sheikh Zayed Stadium,Rajasthan Royals
462,IPL-2014,Mumbai Indians,Royal Challengers Bangalore,Royal Challengers Bangalore,field,Dubai International Cricket Stadium,Royal Challengers Bangalore
463,IPL-2014,Kolkata Knight Riders,Delhi Daredevils,Kolkata Knight Riders,bat,Dubai International Cricket Stadium,Delhi Daredevils
464,IPL-2014,Rajasthan Royals,Kings XI Punjab,Kings XI Punjab,field,Sharjah Cricket Stadium,Kings XI Punjab
465,IPL-2014,Chennai Super Kings,Delhi Daredevils,Chennai Super Kings,bat,Sheikh Zayed Stadium,Chennai Super Kings
466,IPL-2014,Kings XI Punjab,Sunrisers Hyderabad,Sunrisers Hyderabad,field,Sharjah Cricket Stadium,Kings XI Punjab
467,IPL-2014,Chennai Super Kings,Rajasthan Royals,Rajasthan Royals,field,Dubai International Cricket Stadium,Chennai Super Kings
468,IPL-2014,Kolkata Knight Riders,Royal Challengers Bangalore,Royal Challengers Bangalore,field,Sharjah Cricket Stadium,Kolkata Knight Riders
469,IPL-2014,Sunrisers Hyderabad,Delhi Daredevils,Sunrisers Hyderabad,bat,Dubai International Cricket Stadium,Sunrisers Hyderabad
470,IPL-2014,Mumbai Indians,Chennai Super Kings,Mumbai Indians,bat,Dubai International Cricket Stadium,Chennai Super Kings
471,IPL-2014,Royal Challengers Bangalore,Rajasthan Royals,Rajasthan Royals,field,Sheikh Zayed Stadium,Rajasthan Royals
472,IPL-2014,Kings XI Punjab,Kolkata Knight Riders,Kolkata Knight Riders,field,Sheikh Zayed Stadium,Kings XI Punjab
473,IPL-2014,Mumbai Indians,Delhi Daredevils,Mumbai Indians,bat,Sharjah Cricket Stadium,Delhi Daredevils
474,IPL-2014,Sunrisers Hyderabad,Chennai Super Kings,Sunrisers Hyderabad,bat,Sharjah Cricket Stadium,Chennai Super Kings
475,IPL-2014,Royal Challengers Bangalore,Kings XI Punjab,Kings XI Punjab,field,Dubai International Cricket Stadium,Kings XI Punjab
476,IPL-2014,Rajasthan Royals,Kolkata Knight Riders,Rajasthan Royals,bat,Sheikh Zayed Stadium,Rajasthan Royals
477,IPL-2014,Sunrisers Hyderabad,Mumbai Indians,Mumbai Indians,field,Dubai International Cricket Stadium,Sunrisers Hyderabad
478,IPL-2014,Chennai Super Kings,Kolkata Knight Riders,Chennai Super Kings,bat,JSCA International Stadium Complex,Chennai Super Kings
479,IPL-2014,Kings XI Punjab,Mumbai Indians,Kings XI Punjab,bat,Wankhede Stadium,Mumbai Indians
480,IPL-2014,Delhi Daredevils,Rajasthan Royals,Rajasthan Royals,field,Feroz Shah Kotla,Rajasthan Royals
481,IPL-2014,Sunrisers Hyderabad,Royal Challengers Bangalore,Royal Challengers Bangalore,field,M Chinnaswamy Stadium,Royal Challengers Bangalore
482,IPL-2014,Rajasthan Royals,Kolkata Knight Riders,Kolkata Knight Riders,field,"Sardar Patel Stadium, Motera",Rajasthan Royals
483,IPL-2014,Delhi Daredevils,Chennai Super Kings,Chennai Super Kings,field,Feroz Shah Kotla,Chennai Super Kings
484,IPL-2014,Mumbai Indians,Royal Challengers Bangalore,Royal Challengers Bangalore,field,Wankhede Stadium,Mumbai Indians
485,IPL-2014,Delhi Daredevils,Kolkata Knight Riders,Delhi Daredevils,bat,Feroz Shah Kotla,Kolkata Knight Riders
486,IPL-2014,Kings XI Punjab,Chennai Super Kings,Chennai Super Kings,field,Barabati Stadium,Kings XI Punjab
487,IPL-2014,Sunrisers Hyderabad,Rajasthan Royals,Rajasthan Royals,field,"Sardar Patel Stadium, Motera",Sunrisers Hyderabad
488,IPL-2014,Kings XI Punjab,Royal Challengers Bangalore,Royal Challengers Bangalore,field,M Chinnaswamy Stadium,Kings XI Punjab
489,IPL-2014,Delhi Daredevils,Sunrisers Hyderabad,Sunrisers Hyderabad,field,Feroz Shah Kotla,Sunrisers Hyderabad
490,IPL-2014,Mumbai Indians,Chennai Super Kings,Chennai Super Kings,field,Wankhede Stadium,Chennai Super Kings
491,IPL-2014,Kings XI Punjab,Kolkata Knight Riders,Kolkata Knight Riders,field,Barabati Stadium,Kolkata Knight Riders
492,IPL-2014,Royal Challengers Bangalore,Rajasthan Royals,Royal Challengers Bangalore,bat,M Chinnaswamy Stadium,Rajasthan Royals
493,IPL-2014,Sunrisers Hyderabad,Mumbai Indians,Sunrisers Hyderabad,bat,"Rajiv Gandhi International Stadium, Uppal",Mumbai Indians
494,IPL-2014,Rajasthan Royals,Chennai Super Kings,Rajasthan Royals,bat,JSCA International Stadium Complex,Chennai Super Kings
495,IPL-2014,Royal Challengers Bangalore,Delhi Daredevils,Delhi Daredevils,field,M Chinnaswamy Stadium,Royal Challengers Bangalore
496,IPL-2014,Sunrisers Hyderabad,Kings XI Punjab,Kings XI Punjab,field,"Rajiv Gandhi International Stadium, Uppal",Kings XI Punjab
497,IPL-2014,Mumbai Indians,Kolkata Knight Riders,Kolkata Knight Riders,field,Barabati Stadium,Kolkata Knight Riders
498,IPL-2014,Rajasthan Royals,Delhi Daredevils,Delhi Daredevils,field,"Sardar Patel Stadium, Motera",Rajasthan Royals
499,IPL-2014,Chennai Super Kings,Royal Challengers Bangalore,Chennai Super Kings,bat,JSCA International Stadium Complex,Royal Challengers Bangalore
500,IPL-2014,Sunrisers Hyderabad,Kolkata Knight Riders,Sunrisers Hyderabad,bat,"Rajiv Gandhi International Stadium, Uppal",Kolkata Knight Riders
501,IPL-2014,Mumbai Indians,Rajasthan Royals,Mumbai Indians,bat,"Sardar Patel Stadium, Motera",Mumbai Indians
502,IPL-2014,Delhi Daredevils,Kings XI Punjab,Kings XI Punjab,field,Feroz Shah Kotla,Kings XI Punjab
503,IPL-2014,Royal Challengers Bangalore,Sunrisers Hyderabad,Royal Challengers Bangalore,bat,"Rajiv Gandhi International Stadium, Uppal",Sunrisers Hyderabad
504,IPL-2014,Chennai Super Kings,Kolkata Knight Riders,Kolkata Knight Riders,field,Eden Gardens,Kolkata Knight Riders
505,IPL-2014,Kings XI Punjab,Mumbai Indians,Mumbai Indians,field,"Punjab Cricket Association Stadium, Mohali",Mumbai Indians
506,IPL-2014,Kolkata Knight Riders,Royal Challengers Bangalore,Royal Challengers Bangalore,field,Eden Gardens,Kolkata Knight Riders
507,IPL-2014,Chennai Super Kings,Sunrisers Hyderabad,Sunrisers Hyderabad,field,JSCA International Stadium Complex,Sunrisers Hyderabad
508,IPL-2014,Mumbai Indians,Delhi Daredevils,Delhi Daredevils,field,Wankhede Stadium,Mumbai Indians
509,IPL-2014,Kings XI Punjab,Rajasthan Royals,Rajasthan Royals,field,"Punjab Cricket Association Stadium, Mohali",Kings XI Punjab
510,IPL-2014,Royal Challengers Bangalore,Chennai Super Kings,Chennai Super Kings,field,M Chinnaswamy Stadium,Chennai Super Kings
511,IPL-2014,Sunrisers Hyderabad,Kolkata Knight Riders,Kolkata Knight Riders,field,Eden Gardens,Kolkata Knight Riders
512,IPL-2014,Delhi Daredevils,Kings XI Punjab,Kings XI Punjab,field,"Punjab Cricket Association Stadium, Mohali",Kings XI Punjab
513,IPL-2014,Rajasthan Royals,Mumbai Indians,Mumbai Indians,field,Wankhede Stadium,Mumbai Indians
514,IPL-2014,Kolkata Knight Riders,Kings XI Punjab,Kings XI Punjab,field,Eden Gardens,Kolkata Knight Riders
515,IPL-2014,Mumbai Indians,Chennai Super Kings,Chennai Super Kings,field,Brabourne Stadium,Chennai Super Kings
516,IPL-2014,Kings XI Punjab,Chennai Super Kings,Chennai Super Kings,field,Wankhede Stadium,Kings XI Punjab
517,IPL-2014,Kings XI Punjab,Kolkata Knight Riders,Kolkata Knight Riders,field,M Chinnaswamy Stadium,Kolkata Knight Riders
518,IPL-2015,Mumbai Indians,Kolkata Knight Riders,Kolkata Knight Riders,field,Eden Gardens,Kolkata Knight Riders
519,IPL-2015,Chennai Super Kings,Delhi Daredevils,Delhi Daredevils,field,"MA Chidambaram Stadium, Chepauk",Chennai Super Kings
520,IPL-2015,Rajasthan Royals,Kings XI Punjab,Kings XI Punjab,field,Maharashtra Cricket Association Stadium,Rajasthan Royals
521,IPL-2015,Chennai Super Kings,Sunrisers Hyderabad,Chennai Super Kings,bat,"MA Chidambaram Stadium, Chepauk",Chennai Super Kings
522,IPL-2015,Kolkata Knight Riders,Royal Challengers Bangalore,Royal Challengers Bangalore,field,Eden Gardens,Royal Challengers Bangalore
523,IPL-2015,Delhi Daredevils,Rajasthan Royals,Rajasthan Royals,field,Feroz Shah Kotla,Rajasthan Royals
524,IPL-2015,Kings XI Punjab,Mumbai Indians,Mumbai Indians,field,Wankhede Stadium,Kings XI Punjab
525,IPL-2015,Royal Challengers Bangalore,Sunrisers Hyderabad,Sunrisers Hyderabad,field,M Chinnaswamy Stadium,Sunrisers Hyderabad
526,IPL-2015,Mumbai Indians,Rajasthan Royals,Mumbai Indians,bat,"Sardar Patel Stadium, Motera",Rajasthan Royals
527,IPL-2015,Chennai Super Kings,Kolkata Knight Riders,Kolkata Knight Riders,field,Eden Gardens,Kolkata Knight Riders
528,IPL-2015,Kings XI Punjab,Delhi Daredevils,Kings XI Punjab,bat,Maharashtra Cricket Association Stadium,Delhi Daredevils
529,IPL-2015,Sunrisers Hyderabad,Rajasthan Royals,Rajasthan Royals,field,Dr. Y.S. Rajasekhara Reddy ACA-VDCA Cricket Stadium,Rajasthan Royals
530,IPL-2015,Mumbai Indians,Chennai Super Kings,Mumbai Indians,bat,Wankhede Stadium,Chennai Super Kings
531,IPL-2015,Delhi Daredevils,Sunrisers Hyderabad,Delhi Daredevils,bat,Dr. Y.S. Rajasekhara Reddy ACA-VDCA Cricket Stadium,Delhi Daredevils
532,IPL-2015,Kings XI Punjab,Kolkata Knight Riders,Kolkata Knight Riders,field,Maharashtra Cricket Association Stadium,Kolkata Knight Riders
533,IPL-2015,Chennai Super Kings,Rajasthan Royals,Chennai Super Kings,bat,"Sardar Patel Stadium, Motera",Rajasthan Royals
534,IPL-2015,Mumbai Indians,Royal Challengers Bangalore,Royal Challengers Bangalore,field,M Chinnaswamy Stadium,Mumbai Indians
535,IPL-2015,Delhi Daredevils,Kolkata Knight Riders,Kolkata Knight Riders,field,Feroz Shah Kotla,Kolkata Knight Riders
536,IPL-2015,Rajasthan Royals,Kings XI Punjab,Kings XI Punjab,field,"Sardar Patel Stadium, Motera",Kings XI Punjab
537,IPL-2015,Sunrisers Hyderabad,Kolkata Knight Riders,Kolkata Knight Riders,field,Dr. Y.S. Rajasekhara Reddy ACA-VDCA Cricket Stadium,Sunrisers Hyderabad
538,IPL-2015,Chennai Super Kings,Royal Challengers Bangalore,Royal Challengers Bangalore,field,M Chinnaswamy Stadium,Chennai Super Kings
539,IPL-2015,Delhi Daredevils,Mumbai Indians,Mumbai Indians,field,Feroz Shah Kotla,Delhi Daredevils
540,IPL-2015,Rajasthan Royals,Royal Challengers Bangalore,Royal Challengers Bangalore,field,"Sardar Patel Stadium, Motera",Royal Challengers Bangalore
541,IPL-2015,Mumbai Indians,Sunrisers Hyderabad,Mumbai Indians,bat,Wankhede Stadium,Mumbai Indians
542,IPL-2015,Chennai Super Kings,Kings XI Punjab,Chennai Super Kings,bat,"MA Chidambaram Stadium, Chepauk",Chennai Super Kings
543,IPL-2015,Delhi Daredevils,Royal Challengers Bangalore,Royal Challengers Bangalore,field,Feroz Shah Kotla,Royal Challengers Bangalore
544,IPL-2015,Sunrisers Hyderabad,Kings XI Punjab,Kings XI Punjab,field,"Punjab Cricket Association Stadium, Mohali",Sunrisers Hyderabad
545,IPL-2015,Kolkata Knight Riders,Delhi Daredevils,Kolkata Knight Riders,bat,Eden Gardens,Kolkata Knight Riders
547,IPL-2015,Chennai Super Kings,Kolkata Knight Riders,Kolkata Knight Riders,field,"MA Chidambaram Stadium, Chepauk",Chennai Super Kings
548,IPL-2015,Kings XI Punjab,Delhi Daredevils,Delhi Daredevils,field,Feroz Shah Kotla,Delhi Daredevils
549,IPL-2015,Mumbai Indians,Rajasthan Royals,Rajasthan Royals,field,Wankhede Stadium,Mumbai Indians
550,IPL-2015,Kolkata Knight Riders,Royal Challengers Bangalore,Royal Challengers Bangalore,field,M Chinnaswamy Stadium,Royal Challengers Bangalore
551,IPL-2015,Sunrisers Hyderabad,Chennai Super Kings,Chennai Super Kings,field,"Rajiv Gandhi International Stadium, Uppal",Sunrisers Hyderabad
552,IPL-2015,Mumbai Indians,Kings XI Punjab,Mumbai Indians,bat,"Punjab Cricket Association Stadium, Mohali",Mumbai Indians
553,IPL-2015,Rajasthan Royals,Delhi Daredevils,Delhi Daredevils,field,Brabourne Stadium,Rajasthan Royals
554,IPL-2015,Chennai Super Kings,Royal Challengers Bangalore,Chennai Super Kings,bat,"MA Chidambaram Stadium, Chepauk",Chennai Super Kings
555,IPL-2015,Kolkata Knight Riders,Sunrisers Hyderabad,Sunrisers Hyderabad,field,Eden Gardens,Kolkata Knight Riders
556,IPL-2015,Delhi Daredevils,Mumbai Indians,Delhi Daredevils,bat,Wankhede Stadium,Mumbai Indians
557,IPL-2015,Royal Challengers Bangalore,Kings XI Punjab,Kings XI Punjab,field,M Chinnaswamy Stadium,Royal Challengers Bangalore
558,IPL-2015,Sunrisers Hyderabad,Rajasthan Royals,Rajasthan Royals,field,Brabourne Stadium,Sunrisers Hyderabad
559,IPL-2015,Chennai Super Kings,Mumbai Indians,Chennai Super Kings,bat,"MA Chidambaram Stadium, Chepauk",Mumbai Indians
560,IPL-2015,Kings XI Punjab,Kolkata Knight Riders,Kings XI Punjab,bat,Eden Gardens,Kolkata Knight Riders
561,IPL-2015,Sunrisers Hyderabad,Delhi Daredevils,Sunrisers Hyderabad,bat,Shaheed Veer Narayan Singh International Stadium,Sunrisers Hyderabad
562,IPL-2015,Royal Challengers Bangalore,Mumbai Indians,Royal Challengers Bangalore,bat,Wankhede Stadium,Royal Challengers Bangalore
563,IPL-2015,Chennai Super Kings,Rajasthan Royals,Chennai Super Kings,bat,"MA Chidambaram Stadium, Chepauk",Chennai Super Kings
564,IPL-2015,Sunrisers Hyderabad,Kings XI Punjab,Sunrisers Hyderabad,bat,"Rajiv Gandhi International Stadium, Uppal",Sunrisers Hyderabad
565,IPL-2015,Chennai Super Kings,Delhi Daredevils,Chennai Super Kings,bat,Shaheed Veer Narayan Singh International Stadium,Delhi Daredevils
566,IPL-2015,Kings XI Punjab,Royal Challengers Bangalore,Royal Challengers Bangalore,field,"Punjab Cricket Association Stadium, Mohali",Kings XI Punjab
567,IPL-2015,Mumbai Indians,Kolkata Knight Riders,Kolkata Knight Riders,field,Wankhede Stadium,Mumbai Indians
568,IPL-2015,Sunrisers Hyderabad,Royal Challengers Bangalore,Sunrisers Hyderabad,bat,"Rajiv Gandhi International Stadium, Uppal",Royal Challengers Bangalore
569,IPL-2015,Kings XI Punjab,Chennai Super Kings,Kings XI Punjab,bat,"Punjab Cricket Association Stadium, Mohali",Chennai Super Kings
570,IPL-2015,Rajasthan Royals,Kolkata Knight Riders,Rajasthan Royals,bat,Brabourne Stadium,Rajasthan Royals
572,IPL-2015,Sunrisers Hyderabad,Mumbai Indians,Sunrisers Hyderabad,bat,"Rajiv Gandhi International Stadium, Uppal",Mumbai Indians
573,IPL-2015,Mumbai Indians,Chennai Super Kings,Mumbai Indians,bat,Wankhede Stadium,Mumbai Indians
574,IPL-2015,Royal Challengers Bangalore,Rajasthan Royals,Royal Challengers Bangalore,bat,Maharashtra Cricket Association Stadium,Royal Challengers Bangalore
575,IPL-2015,Royal Challengers Bangalore,Chennai Super Kings,Chennai Super Kings,field,JSCA International Stadium Complex,Chennai Super Kings
576,IPL-2015,Mumbai Indians,Chennai Super Kings,Chennai Super Kings,field,Eden Gardens,Mumbai Indians
577,IPL-2016,Mumbai Indians,Rising Pune Supergiants,Mumbai Indians,bat,Wankhede Stadium,Rising Pune Supergiants
578,IPL-2016,Delhi Daredevils,Kolkata Knight Riders,Kolkata Knight Riders,field,Eden Gardens,Kolkata Knight Riders
579,IPL-2016,Kings XI Punjab,Gujarat Lions,Gujarat Lions,field,"Punjab Cricket Association IS Bindra Stadium, Mohali",Gujarat Lions
580,IPL-2016,Royal Challengers Bangalore,Sunrisers Hyderabad,Sunrisers Hyderabad,field,M Chinnaswamy Stadium,Royal Challengers Bangalore
581,IPL-2016,Kolkata Knight Riders,Mumbai Indians,Mumbai Indians,field,Eden Gardens,Mumbai Indians
582,IPL-2016,Rising Pune Supergiants,Gujarat Lions,Rising Pune Supergiants,bat,Saurashtra Cricket Association Stadium,Gujarat Lions
583,IPL-2016,Kings XI Punjab,Delhi Daredevils,Delhi Daredevils,field,Feroz Shah Kotla,Delhi Daredevils
584,IPL-2016,Sunrisers Hyderabad,Kolkata Knight Riders,Sunrisers Hyderabad,bat,"Rajiv Gandhi International Stadium, Uppal",Kolkata Knight Riders
585,IPL-2016,Mumbai Indians,Gujarat Lions,Gujarat Lions,field,Wankhede Stadium,Gujarat Lions
586,IPL-2016,Rising Pune Supergiants,Kings XI Punjab,Rising Pune Supergiants,bat,"Punjab Cricket Association IS Bindra Stadium, Mohali",Kings XI Punjab
587,IPL-2016,Royal Challengers Bangalore,Delhi Daredevils,Delhi Daredevils,field,M Chinnaswamy Stadium,Delhi Daredevils
588,IPL-2016,Mumbai Indians,Sunrisers Hyderabad,Sunrisers Hyderabad,field,"Rajiv Gandhi International Stadium, Uppal",Sunrisers Hyderabad
589,IPL-2016,Kings XI Punjab,Kolkata Knight Riders,Kolkata Knight Riders,field,"Punjab Cricket Association IS Bindra Stadium, Mohali",Kolkata Knight Riders
590,IPL-2016,Royal Challengers Bangalore,Mumbai Indians,Mumbai Indians,field,Wankhede Stadium,Mumbai Indians
591,IPL-2016,Gujarat Lions,Sunrisers Hyderabad,Sunrisers Hyderabad,field,Saurashtra Cricket Association Stadium,Sunrisers Hyderabad
592,IPL-2016,Royal Challengers Bangalore,Rising Pune Supergiants,Rising Pune Supergiants,field,Maharashtra Cricket Association Stadium,Royal Challengers Bangalore
593,IPL-2016,Delhi Daredevils,Mumbai Indians,Mumbai Indians,field,Feroz Shah Kotla,Delhi Daredevils
594,IPL-2016,Kings XI Punjab,Sunrisers Hyderabad,Sunrisers Hyderabad,field,"Rajiv Gandhi International Stadium, Uppal",Sunrisers Hyderabad
595,IPL-2016,Royal Challengers Bangalore,Gujarat Lions,Royal Challengers Bangalore,bat,Saurashtra Cricket Association Stadium,Gujarat Lions
596,IPL-2016,Rising Pune Supergiants,Kolkata Knight Riders,Kolkata Knight Riders,field,Maharashtra Cricket Association Stadium,Kolkata Knight Riders
597,IPL-2016,Mumbai Indians,Kings XI Punjab,Kings XI Punjab,field,"Punjab Cricket Association IS Bindra Stadium, Mohali",Mumbai Indians
598,IPL-2016,Sunrisers Hyderabad,Rising Pune Supergiants,Rising Pune Supergiants,field,"Rajiv Gandhi International Stadium, Uppal",Rising Pune Supergiants
599,IPL-2016,Gujarat Lions,Delhi Daredevils,Delhi Daredevils,field,Feroz Shah Kotla,Gujarat Lions
600,IPL-2016,Kolkata Knight Riders,Mumbai Indians,Mumbai Indians,field,Wankhede Stadium,Mumbai Indians
601,IPL-2016,Rising Pune Supergiants,Gujarat Lions,Gujarat Lions,field,Maharashtra Cricket Association Stadium,Gujarat Lions
602,IPL-2016,Delhi Daredevils,Kolkata Knight Riders,Kolkata Knight Riders,field,Feroz Shah Kotla,Delhi Daredevils
603,IPL-2016,Sunrisers Hyderabad,Royal Challengers Bangalore,Royal Challengers Bangalore,field,"Rajiv Gandhi International Stadium, Uppal",Sunrisers Hyderabad
604,IPL-2016,Kings XI Punjab,Gujarat Lions,Gujarat Lions,field,Saurashtra Cricket Association Stadium,Kings XI Punjab
605,IPL-2016,Rising Pune Supergiants,Mumbai Indians,Mumbai Indians,field,Maharashtra Cricket Association Stadium,Mumbai Indians
606,IPL-2016,Royal Challengers Bangalore,Kolkata Knight Riders,Kolkata Knight Riders,field,M Chinnaswamy Stadium,Kolkata Knight Riders
607,IPL-2016,Gujarat Lions,Delhi Daredevils,Delhi Daredevils,field,Saurashtra Cricket Association Stadium,Delhi Daredevils
608,IPL-2016,Kolkata Knight Riders,Kings XI Punjab,Kings XI Punjab,field,Eden Gardens,Kolkata Knight Riders
609,IPL-2016,Delhi Daredevils,Rising Pune Supergiants,Rising Pune Supergiants,field,Feroz Shah Kotla,Rising Pune Supergiants
610,IPL-2016,Gujarat Lions,Sunrisers Hyderabad,Sunrisers Hyderabad,field,"Rajiv Gandhi International Stadium, Uppal",Sunrisers Hyderabad
611,IPL-2016,Rising Pune Supergiants,Royal Challengers Bangalore,Royal Challengers Bangalore,field,M Chinnaswamy Stadium,Royal Challengers Bangalore
612,IPL-2016,Kings XI Punjab,Delhi Daredevils,Delhi Daredevils,field,"Punjab Cricket Association IS Bindra Stadium, Mohali",Kings XI Punjab
613,IPL-2016,Sunrisers Hyderabad,Mumbai Indians,Mumbai Indians,field,Dr. Y.S. Rajasekhara Reddy ACA-VDCA Cricket Stadium,Sunrisers Hyderabad
614,IPL-2016,Kolkata Knight Riders,Gujarat Lions,Gujarat Lions,field,Eden Gardens,Gujarat Lions
615,IPL-2016,Royal Challengers Bangalore,Kings XI Punjab,Kings XI Punjab,field,"Punjab Cricket Association IS Bindra Stadium, Mohali",Royal Challengers Bangalore
616,IPL-2016,Sunrisers Hyderabad,Rising Pune Supergiants,Sunrisers Hyderabad,bat,Dr. Y.S. Rajasekhara Reddy ACA-VDCA Cricket Stadium,Sunrisers Hyderabad
617,IPL-2016,Royal Challengers Bangalore,Mumbai Indians,Mumbai Indians,field,M Chinnaswamy Stadium,Mumbai Indians
618,IPL-2016,Sunrisers Hyderabad,Delhi Daredevils,Delhi Daredevils,field,"Rajiv Gandhi International Stadium, Uppal",Delhi Daredevils
619,IPL-2016,Mumbai Indians,Kings XI Punjab,Mumbai Indians,bat,Dr. Y.S. Rajasekhara Reddy ACA-VDCA Cricket Stadium,Kings XI Punjab
620,IPL-2016,Royal Challengers Bangalore,Gujarat Lions,Gujarat Lions,field,M Chinnaswamy Stadium,Royal Challengers Bangalore
621,IPL-2016,Rising Pune Supergiants,Kolkata Knight Riders,Rising Pune Supergiants,bat,Eden Gardens,Kolkata Knight Riders
622,IPL-2016,Kings XI Punjab,Sunrisers Hyderabad,Kings XI Punjab,bat,"Punjab Cricket Association IS Bindra Stadium, Mohali",Sunrisers Hyderabad
623,IPL-2016,Mumbai Indians,Delhi Daredevils,Delhi Daredevils,field,Dr. Y.S. Rajasekhara Reddy ACA-VDCA Cricket Stadium,Mumbai Indians
624,IPL-2016,Kolkata Knight Riders,Royal Challengers Bangalore,Royal Challengers Bangalore,field,Eden Gardens,Royal Challengers Bangalore
625,IPL-2016,Delhi Daredevils,Rising Pune Supergiants,Rising Pune Supergiants,field,Dr. Y.S. Rajasekhara Reddy ACA-VDCA Cricket Stadium,Rising Pune Supergiants
626,IPL-2016,Royal Challengers Bangalore,Kings XI Punjab,Kings XI Punjab,field,M Chinnaswamy Stadium,Royal Challengers Bangalore
627,IPL-2016,Kolkata Knight Riders,Gujarat Lions,Gujarat Lions,field,Green Park,Gujarat Lions
628,IPL-2016,Sunrisers Hyderabad,Delhi Daredevils,Delhi Daredevils,field,Shaheed Veer Narayan Singh International Stadium,Delhi Daredevils
629,IPL-2016,Kings XI Punjab,Rising Pune Supergiants,Kings XI Punjab,bat,Dr. Y.S. Rajasekhara Reddy ACA-VDCA Cricket Stadium,Rising Pune Supergiants
630,IPL-2016,Mumbai Indians,Gujarat Lions,Gujarat Lions,field,Green Park,Gujarat Lions
631,IPL-2016,Kolkata Knight Riders,Sunrisers Hyderabad,Sunrisers Hyderabad,field,Eden Gardens,Kolkata Knight Riders
632,IPL-2016,Delhi Daredevils,Royal Challengers Bangalore,Royal Challengers Bangalore,field,Shaheed Veer Narayan Singh International Stadium,Royal Challengers Bangalore
633,IPL-2016,Gujarat Lions,Royal Challengers Bangalore,Royal Challengers Bangalore,field,M Chinnaswamy Stadium,Royal Challengers Bangalore
634,IPL-2016,Sunrisers Hyderabad,Kolkata Knight Riders,Kolkata Knight Riders,field,Feroz Shah Kotla,Sunrisers Hyderabad
635,IPL-2016,Gujarat Lions,Sunrisers Hyderabad,Sunrisers Hyderabad,field,Feroz Shah Kotla,Sunrisers Hyderabad
636,IPL-2016,Sunrisers Hyderabad,Royal Challengers Bangalore,Sunrisers Hyderabad,bat,M Chinnaswamy Stadium,Sunrisers Hyderabad
7894,IPL-2018,Mumbai Indians,Chennai Super Kings,Chennai Super Kings,field,Wankhede Stadium,Chennai Super Kings
7895,IPL-2018,Delhi Daredevils,Kings XI Punjab,Kings XI Punjab,field,"Punjab Cricket Association IS Bindra Stadium, Mohali",Kings XI Punjab
7896,IPL-2018,Royal Challengers Bangalore,Kolkata Knight Riders,Kolkata Knight Riders,field,Eden Gardens,Kolkata Knight Riders
7897,IPL-2018,Rajasthan Royals,Sunrisers Hyderabad,Sunrisers Hyderabad,field,"Rajiv Gandhi International Stadium, Uppal",Sunrisers Hyderabad
7898,IPL-2018,Kolkata Knight Riders,Chennai Super Kings,Chennai Super Kings,field,"MA Chidambaram Stadium, Chepauk",Chennai Super Kings
7899,IPL-2018,Rajasthan Royals,Delhi Daredevils,Delhi Daredevils,field,Sawai Mansingh Stadium,Rajasthan Royals
7900,IPL-2018,Mumbai Indians,Sunrisers Hyderabad,Sunrisers Hyderabad,field,"Rajiv Gandhi International Stadium, Uppal",Sunrisers Hyderabad
7901,IPL-2018,Kings XI Punjab,Royal Challengers Bangalore,Royal Challengers Bangalore,field,M Chinnaswamy Stadium,Royal Challengers Bangalore
7902,IPL-2018,Mumbai Indians,Delhi Daredevils,Delhi Daredevils,field,Wankhede Stadium,Delhi Daredevils
7903,IPL-2018,Kolkata Knight Riders,Sunrisers Hyderabad,Sunrisers Hyderabad,field,Eden Gardens,Sunrisers Hyderabad
7904,IPL-2018,Rajasthan Royals,Royal Challengers Bangalore,Royal Challengers Bangalore,field,M Chinnaswamy Stadium,Rajasthan Royals
7905,IPL-2018,Kings XI Punjab,Chennai Super Kings,Chennai Super Kings,field,"Punjab Cricket Association IS Bindra Stadium, Mohali",Kings XI Punjab
7906,IPL-2018,Kolkata Knight Riders,Delhi Daredevils,Delhi Daredevils,field,Eden Gardens,Kolkata Knight Riders
7907,IPL-2018,Mumbai Indians,Royal Challengers Bangalore,Royal Challengers Bangalore,field,Wankhede Stadium,Mumbai Indians
7908,IPL-2018,Rajasthan Royals,Kolkata Knight Riders,Kolkata Knight Riders,field,Sawai Mansingh Stadium,Kolkata Knight Riders
7909,IPL-2018,Kings XI Punjab,Sunrisers Hyderabad,Kings XI Punjab,bat,"Punjab Cricket Association IS Bindra Stadium, Mohali",Kings XI Punjab
7910,IPL-2018,Chennai Super Kings,Rajasthan Royals,Rajasthan Royals,field,Maharashtra Cricket Association Stadium,Chennai Super Kings
7911,IPL-2018,Kolkata Knight Riders,Kings XI Punjab,Kings XI Punjab,field,Eden Gardens,Kings XI Punjab
7912,IPL-2018,Delhi Daredevils,Royal Challengers Bangalore,Royal Challengers Bangalore,field,M Chinnaswamy Stadium,Royal Challengers Bangalore
7913,IPL-2018,Chennai Super Kings,Sunrisers Hyderabad,Sunrisers Hyderabad,field,"Rajiv Gandhi International Stadium, Uppal",Chennai Super Kings
7914,IPL-2018,Mumbai Indians,Rajasthan Royals,Mumbai Indians,bat,Sawai Mansingh Stadium,Rajasthan Royals
7915,IPL-2018,Kings XI Punjab,Delhi Daredevils,Delhi Daredevils,field,Feroz Shah Kotla,Kings XI Punjab
7916,IPL-2018,Sunrisers Hyderabad,Mumbai Indians,Mumbai Indians,field,Wankhede Stadium,Sunrisers Hyderabad
7917,IPL-2018,Royal Challengers Bangalore,Chennai Super Kings,Chennai Super Kings,field,M Chinnaswamy Stadium,Chennai Super Kings
7918,IPL-2018,Sunrisers Hyderabad,Kings XI Punjab,Kings XI Punjab,field,"Rajiv Gandhi International Stadium, Uppal",Sunrisers Hyderabad
7919,IPL-2018,Delhi Daredevils,Kolkata Knight Riders,Kolkata Knight Riders,field,Feroz Shah Kotla,Delhi Daredevils
7920,IPL-2018,Chennai Super Kings,Mumbai Indians,Mumbai Indians,field,Maharashtra Cricket Association Stadium,Mumbai Indians
7921,IPL-2018,Sunrisers Hyderabad,Rajasthan Royals,Sunrisers Hyderabad,bat,Sawai Mansingh Stadium,Sunrisers Hyderabad
7922,IPL-2018,Royal Challengers Bangalore,Kolkata Knight Riders,Kolkata Knight Riders,field,M Chinnaswamy Stadium,Kolkata Knight Riders
7923,IPL-2018,Chennai Super Kings,Delhi Daredevils,Delhi Daredevils,field,Maharashtra Cricket Association Stadium,Chennai Super Kings
7924,IPL-2018,Royal Challengers Bangalore,Mumbai Indians,Mumbai Indians,field,M Chinnaswamy Stadium,Royal Challengers Bangalore
7925,IPL-2018,Delhi Daredevils,Rajasthan Royals,Rajasthan Royals,field,Feroz Shah Kotla,Delhi Daredevils
7926,IPL-2018,Chennai Super Kings,Kolkata Knight Riders,Kolkata Knight Riders,field,Eden Gardens,Kolkata Knight Riders
7927,IPL-2018,Kings XI Punjab,Mumbai Indians,Mumbai Indians,field,Holkar Cricket Stadium,Mumbai Indians
7928,IPL-2018,Royal Challengers Bangalore,Chennai Super Kings,Chennai Super Kings,field,Maharashtra Cricket Association Stadium,Chennai Super Kings
7929,IPL-2018,Delhi Daredevils,Sunrisers Hyderabad,Delhi Daredevils,bat,"Rajiv Gandhi International Stadium, Uppal",Sunrisers Hyderabad
7930,IPL-2018,Mumbai Indians,Kolkata Knight Riders,Kolkata Knight Riders,field,Wankhede Stadium,Mumbai Indians
7931,IPL-2018,Rajasthan Royals,Kings XI Punjab,Kings XI Punjab,field,Holkar Cricket Stadium,Kings XI Punjab
7932,IPL-2018,Sunrisers Hyderabad,Royal Challengers Bangalore,Royal Challengers Bangalore,field,"Rajiv Gandhi International Stadium, Uppal",Sunrisers Hyderabad
7933,IPL-2018,Rajasthan Royals,Kings XI Punjab,Rajasthan Royals,bat,Sawai Mansingh Stadium,Rajasthan Royals
7934,IPL-2018,Mumbai Indians,Kolkata Knight Riders,Kolkata Knight Riders,field,Eden Gardens,Mumbai Indians
7935,IPL-2018,Delhi Daredevils,Sunrisers Hyderabad,Delhi Daredevils,bat,Feroz Shah Kotla,Sunrisers Hyderabad
7936,IPL-2018,Chennai Super Kings,Rajasthan Royals,Chennai Super Kings,bat,Sawai Mansingh Stadium,Rajasthan Royals
7937,IPL-2018,Kolkata Knight Riders,Kings XI Punjab,Kings XI Punjab,field,Holkar Cricket Stadium,Kolkata Knight Riders
7938,IPL-2018,Delhi Daredevils,Royal Challengers Bangalore,Royal Challengers Bangalore,field,Feroz Shah Kotla,Royal Challengers Bangalore
7939,IPL-2018,Sunrisers Hyderabad,Chennai Super Kings,Chennai Super Kings,field,Maharashtra Cricket Association Stadium,Chennai Super Kings
7940,IPL-2018,Mumbai Indians,Rajasthan Royals,Rajasthan Royals,field,Wankhede Stadium,Rajasthan Royals
7941,IPL-2018,Kings XI Punjab,Royal Challengers Bangalore,Royal Challengers Bangalore,field,Holkar Cricket Stadium,Royal Challengers Bangalore
7942,IPL-2018,Rajasthan Royals,Kolkata Knight Riders,Kolkata Knight Riders,field,Eden Gardens,Kolkata Knight Riders
7943,IPL-2018,Mumbai Indians,Kings XI Punjab,Kings XI Punjab,field,Wankhede Stadium,Mumbai Indians
7944,IPL-2018,Royal Challengers Bangalore,Sunrisers Hyderabad,Sunrisers Hyderabad,field,M Chinnaswamy Stadium,Royal Challengers Bangalore
7945,IPL-2018,Delhi Daredevils,Chennai Super Kings,Chennai Super Kings,field,Feroz Shah Kotla,Delhi Daredevils
7946,IPL-2018,Rajasthan Royals,Royal Challengers Bangalore,Rajasthan Royals,bat,Sawai Mansingh Stadium,Rajasthan Royals
7947,IPL-2018,Sunrisers Hyderabad,Kolkata Knight Riders,Sunrisers Hyderabad,bat,"Rajiv Gandhi International Stadium, Uppal",Kolkata Knight Riders
7948,IPL-2018,Delhi Daredevils,Mumbai Indians,Delhi Daredevils,bat,Feroz Shah Kotla,Delhi Daredevils
7949,IPL-2018,Kings XI Punjab,Chennai Super Kings,Chennai Super Kings,field,Maharashtra Cricket Association Stadium,Chennai Super Kings
7950,IPL-2018,Sunrisers Hyderabad,Chennai Super Kings,Chennai Super Kings,field,Wankhede Stadium,Chennai Super Kings
7951,IPL-2018,Kolkata Knight Riders,Rajasthan Royals,Rajasthan Royals,field,Eden Gardens,Kolkata Knight Riders
7952,IPL-2018,Sunrisers Hyderabad,Kolkata Knight Riders,Kolkata Knight Riders,field,Eden Gardens,Sunrisers Hyderabad
7953,IPL-2018,Sunrisers Hyderabad,Chennai Super Kings,Chennai Super Kings,field,Wankhede Stadium,Chennai Super Kings
11137,IPL-2019,Royal Challengers Bangalore,Chennai Super Kings,Chennai Super Kings,field,M. A. Chidambaram Stadium,Chennai Super Kings
11138,IPL-2019,Sunrisers Hyderabad,Kolkata Knight Riders,Kolkata Knight Riders,field,Eden Gardens,Kolkata Knight Riders
11139,IPL-2019,Delhi Capitals,Mumbai Indians,Mumbai Indians,field,Wankhede Stadium,Delhi Capitals
11140,IPL-2019,Kings XI Punjab,Rajasthan Royals,Rajasthan Royals,field,Sawai Mansingh Stadium,Kings XI Punjab
11141,IPL-2019,Delhi Capitals,Chennai Super Kings,Delhi Capitals,bat,Feroz Shah Kotla Ground,Chennai Super Kings
11142,IPL-2019,Kolkata Knight Riders,Kings XI Punjab,Kings XI Punjab,field,Eden Gardens,Kolkata Knight Riders
11143,IPL-2019,Mumbai Indians,Royal Challengers Bangalore,Royal Challengers Bangalore,field,M. Chinnaswamy Stadium,Mumbai Indians
11144,IPL-2019,Rajasthan Royals,Sunrisers Hyderabad,Rajasthan Royals,bat,Rajiv Gandhi Intl. Cricket Stadium,Sunrisers Hyderabad
11145,IPL-2019,Mumbai Indians,Kings XI Punjab,Kings XI Punjab,field,IS Bindra Stadium,Kings XI Punjab
11146,IPL-2019,Kolkata Knight Riders,Delhi Capitals,Delhi Capitals,field,Feroz Shah Kotla Ground,Delhi Capitals
11147,IPL-2019,Sunrisers Hyderabad,Royal Challengers Bangalore,Royal Challengers Bangalore,field,Rajiv Gandhi Intl. Cricket Stadium,Sunrisers Hyderabad
11148,IPL-2019,Chennai Super Kings,Rajasthan Royals,Rajasthan Royals,field,M. A. Chidambaram Stadium,Chennai Super Kings
11149,IPL-2019,Kings XI Punjab,Delhi Capitals,Delhi Capitals,field,IS Bindra Stadium,Kings XI Punjab
11150,IPL-2019,Royal Challengers Bangalore,Rajasthan Royals,Rajasthan Royals,field,Sawai Mansingh Stadium,Rajasthan Royals
11151,IPL-2019,Mumbai Indians,Chennai Super Kings,Chennai Super Kings,field,Wankhede Stadium,Mumbai Indians
11152,IPL-2019,Delhi Capitals,Sunrisers Hyderabad,Sunrisers Hyderabad,field,Feroz Shah Kotla Ground,Sunrisers Hyderabad
11153,IPL-2019,Royal Challengers Bangalore,Kolkata Knight Riders,Kolkata Knight Riders,field,M. Chinnaswamy Stadium,Kolkata Knight Riders
11309,IPL-2019,Chennai Super Kings,Kings XI Punjab,Chennai Super Kings,bat,M. A. Chidambaram Stadium,Chennai Super Kings
11310,IPL-2019,Mumbai Indians,Sunrisers Hyderabad,Sunrisers Hyderabad,field,Rajiv Gandhi Intl. Cricket Stadium,Mumbai Indians
11311,IPL-2019,Royal Challengers Bangalore,Delhi Capitals,Delhi Capitals,field,M. Chinnaswamy Stadium,Delhi Capitals
11312,IPL-2019,Rajasthan Royals,Kolkata Knight Riders,Kolkata Knight Riders,field,Sawai Mansingh Stadium,Kolkata Knight Riders
11313,IPL-2019,Sunrisers Hyderabad,Kings XI Punjab,Kings XI Punjab,field,IS Bindra Stadium,Kings XI Punjab
11314,IPL-2019,Kolkata Knight Riders,Chennai Super Kings,Chennai Super Kings,field,M. A. Chidambaram Stadium,Chennai Super Kings
11315,IPL-2019,Kings XI Punjab,Mumbai Indians,Mumbai Indians,field,Wankhede Stadium,Mumbai Indians
11316,IPL-2019,Rajasthan Royals,Chennai Super Kings,Chennai Super Kings,field,Sawai Mansingh Stadium,Chennai Super Kings
11317,IPL-2019,Kolkata Knight Riders,Delhi Capitals,Delhi Capitals,field,Eden Gardens,Delhi Capitals
11318,IPL-2019,Mumbai Indians,Rajasthan Royals,Rajasthan Royals,field,Wankhede Stadium,Rajasthan Royals
11319,IPL-2019,Kings XI Punjab,Royal Challengers Bangalore,Royal Challengers Bangalore,field,IS Bindra Stadium,Royal Challengers Bangalore
11320,IPL-2019,Kolkata Knight Riders,Chennai Super Kings,Chennai Super Kings,field,Eden Gardens,Chennai Super Kings
11321,IPL-2019,Delhi Capitals,Sunrisers Hyderabad,Sunrisers Hyderabad,field,Rajiv Gandhi Intl. Cricket Stadium,Delhi Capitals
11322,IPL-2019,Royal Challengers Bangalore,Mumbai Indians,Mumbai Indians,field,Wankhede Stadium,Mumbai Indians
11323,IPL-2019,Kings XI Punjab,Rajasthan Royals,Rajasthan Royals,field,IS Bindra Stadium,Kings XI Punjab
11324,IPL-2019,Chennai Super Kings,Sunrisers Hyderabad,Chennai Super Kings,bat,Rajiv Gandhi Intl. Cricket Stadium,Sunrisers Hyderabad
11325,IPL-2019,Mumbai Indians,Delhi Capitals,Mumbai Indians,bat,Feroz Shah Kotla Ground,Mumbai Indians
11326,IPL-2019,Royal Challengers Bangalore,Kolkata Knight Riders,Kolkata Knight Riders,field,Eden Gardens,Royal Challengers Bangalore
11327,IPL-2019,Mumbai Indians,Rajasthan Royals,Rajasthan Royals,field,Sawai Mansingh Stadium,Rajasthan Royals
11328,IPL-2019,Kings XI Punjab,Delhi Capitals,Delhi Capitals,field,Feroz Shah Kotla Ground,Delhi Capitals
11329,IPL-2019,Kolkata Knight Riders,Sunrisers Hyderabad,Sunrisers Hyderabad,field,Rajiv Gandhi Intl. Cricket Stadium,Sunrisers Hyderabad
11330,IPL-2019,Royal Challengers Bangalore,Chennai Super Kings,Chennai Super Kings,field,M. Chinnaswamy Stadium,Royal Challengers Bangalore
11331,IPL-2019,Rajasthan Royals,Delhi Capitals,Delhi Capitals,field,Sawai Mansingh Stadium,Delhi Capitals
11332,IPL-2019,Sunrisers Hyderabad,Chennai Super Kings,Chennai Super Kings,field,M. A. Chidambaram Stadium,Chennai Super Kings
11333,IPL-2019,Royal Challengers Bangalore,Kings XI Punjab,Kings XI Punjab,field,M. Chinnaswamy Stadium,Royal Challengers Bangalore
11334,IPL-2019,Kolkata Knight Riders,Rajasthan Royals,Rajasthan Royals,field,Eden Gardens,Rajasthan Royals
11335,IPL-2019,Mumbai Indians,Chennai Super Kings,Chennai Super Kings,field,M. A. Chidambaram Stadium,Mumbai Indians
11336,IPL-2019,Sunrisers Hyderabad,Rajasthan Royals,Rajasthan Royals,field,Sawai Mansingh Stadium,Rajasthan Royals
11337,IPL-2019,Delhi Capitals,Royal Challengers Bangalore,Delhi Capitals,bat,Feroz Shah Kotla Ground,Delhi Capitals
11338,IPL-2019,Kolkata Knight Riders,Mumbai Indians,Mumbai Indians,field,Eden Gardens,Kolkata Knight Riders
11339,IPL-2019,Sunrisers Hyderabad,Kings XI Punjab,Kings XI Punjab,field,Rajiv Gandhi Intl. Cricket Stadium,Sunrisers Hyderabad
11341,IPL-2019,Chennai Super Kings,Delhi Capitals,Delhi Capitals,field,M. A. Chidambaram Stadium,Chennai Super Kings
11342,IPL-2019,Mumbai Indians,Sunrisers Hyderabad,Mumbai Indians,bat,Wankhede Stadium,Mumbai Indians
11343,IPL-2019,Kings XI Punjab,Kolkata Knight Riders,Kolkata Knight Riders,field,IS Bindra Stadium,Kolkata Knight Riders
11344,IPL-2019,Rajasthan Royals,Delhi Capitals,Rajasthan Royals,bat,Feroz Shah Kotla Ground,Delhi Capitals
11345,IPL-2019,Sunrisers Hyderabad,Royal Challengers Bangalore,Royal Challengers Bangalore,field,M. Chinnaswamy Stadium,Royal Challengers Bangalore
11346,IPL-2019,Chennai Super Kings,Kings XI Punjab,Kings XI Punjab,field,IS Bindra Stadium,Kings XI Punjab
11347,IPL-2019,Kolkata Knight Riders,Mumbai Indians,Mumbai Indians,field,Wankhede Stadium,Mumbai Indians
11412,IPL-2019,Chennai Super Kings,Mumbai Indians,Chennai Super Kings,bat,M. A. Chidambaram Stadium,Mumbai Indians
11413,IPL-2019,Sunrisers Hyderabad,Delhi Capitals,Delhi Capitals,field,ACA-VDCA Stadium,Delhi Capitals
11414,IPL-2019,Delhi Capitals,Chennai Super Kings,Chennai Super Kings,field,ACA-VDCA Stadium,Chennai Super Kings
11415,IPL-2019,Mumbai Indians,Chennai Super Kings,Mumbai Indians,bat,Rajiv Gandhi Intl. Cricket Stadium,Mumbai Indians
